score,user,message,date,thumbs_up,reply_content
5,Herman Ramli,"Aplikasinya bagus cocok untuk yg mencari pekerjaan & sangat membantu terutama claim manfaat tunai, tolong update Aktivitas pelatihan di setiap provinsi. Tks",2025-05-15 17:56:38,10,
5,lili mardiana,"Aplikasi SIAPkerja membantu banget untuk aku yang belum punya kerjaan. Banyak lowongan pekerjaan yang bisa dipilih sesuai kemampuan kita, selain itu ada program pelatihan juga untuk mengasah kemampuan sembari kita mencari pekerjaan.",2023-01-17 04:49:25,69,
5,Jennifer Jocelyn,"Aplikasi ini cukup bagus dan sangat membantu, dikarenakan dalam aplikasinya terdapat fitur pelatihan kerja dengan segala bidang, serta adanya informasi yang lengkap mengenai lowongan pekerjaan. Semoga kedepannya SIAPkerja dapat menyediakan fitur-fitur yang lebih canggih lagi untuk mempermudah masyarakat.",2023-01-20 08:29:35,20,
5,Valentina Simanjuntak,"Aplikasi ini sangat membantu saya dalam mencari info lowongan kerja yang tersedia. Aplikasinya juga mudah digunakan dan ga ribet.. selain itu juga ada banyak pilihan pelatihan untuk meningkatkan kemampuan kita dalam dunia kerja, terimakasih aplikasi SIAPkerja.",2023-01-21 09:55:15,19,
5,Ahmad Ali,"aplikasi ini sangat membantu seorang freshgraduate seperti saya, selain lowongan pekerjaan yang bisa di apply, aplikasi ini menyediakan fitur pelatihan kerja, semoga aplikasi ini bisa berkembang lebih baik lagi dan bisa membantu orang lebih banyak lagi",2023-01-20 08:24:06,1,
5,Syachbillah Wayan,"Aplikasi yg sangat menarik dan bermanfaat, fiturÂ² yg disajikan membantu untuk mencari informasi seputar pekerjaan selain itu dapat membantu untuk meningkatkan skill dengan adanya pelatihanÂ² agar siap bersaing di dunia kerja.",2023-01-22 11:16:00,0,
5,Ramli Luqky,Aplikasinya sangat membantu dan sangat mudah dipahami. Banyak fitur fitur yang bisa dimanfaatkan dan diambil ilmu nyaa. Thanks SIAPkerja sudah menjadi aplikasi yang sangat berguna dan bermanfaat,2023-01-08 09:36:12,0,
5,Muhajrin. T,"Aplikasinya cukup bagus. Aplikasi menyediakan layanan yang terbagi menjadi layanan utama, umum, perusahaan, dan mitra pelatihan. Tersedia informasi pelatihan kerja, lowongan kerja, magang, dsb. Aplikasi ini akan lebih baik jika terus diupgrade grafis dan dibersihkan bugnya.",2022-12-25 13:02:29,9,
5,Zyahwa Aprilia,"Aplikasi SIAPkerja sangat membantu, tidak hanya membantu orang yang sedang mencari kerja ataupun fresh graduate tapi juga kepada mahasiswa yang ingin mengikuti pelatihan kerja. Ada info lowongan pekerjaan, magang, dsb. Terima kasih SIAPkerja.",2023-01-19 12:01:23,3,
5,Ervinda Ervu,Aplikasi ini sangat membantu dalam memudahkan mencari lowongan pekerjaan dengan dilengkapi fitur-fitur yang mudah diakses dan berisi informasi yg dibutuhkan oleh pencari kerja sehingga menjadikan aplikasi ini sangat keren dan favorit tentunya.,2023-01-23 10:52:24,0,
5,Alice,"UI/UX nya menarik dan fungsional, ada pelatihan juga, banyak lowongan pekerjaan yang memudahkan saya untuk mencari pekerjaan. Recommended banget buat freshgraduate dan pejuang loker.",2023-01-15 13:41:46,6,
5,Siti Jumiati,"Aplikasi ini friendly user dan fitur nya bagus banget ada banyak pelatihan kerja, dan lowongan magang maupun kerja. Terima kasih aplikasi SIAPkerja sudah membantu kita untuk siap kerja dan mencari pekerjaan",2023-01-11 07:41:49,1,
5,Wawan Sutiaa,"terimakasih atas aplikasinya,,tapi saya bukan untuk cari kerja,tapi untuk memberikan dan mengajarkan teknik,meningkatkan. hasil padi yg memuaskan itu,untuk seluruh rakyat petani padi,,agar ada perubahan yg cepat dan dapat membantu perekonomian yg lebih baik,,",2024-10-19 02:47:42,28,
5,Kholil Ismail,"Aplikasi SIAPkerja sangat bagus dan rekomendasi, membantu untuk yang belum mempunyai pekerjaan. Dengan adanya aplikasi ini dapat melihat peluang-peluang serta informasi mengenai lowongan pekerjaan yang dibutuhkan.",2023-01-21 07:31:58,0,
5,Yondu Evo,Sangat membantu sekali karena memberi info pelatihan.. Kepada pengguna agar lebih siap dan matang dalam bidang pekerjaan yg diinginkan.. Semoga kedepannya bisa lebih baik dan berkembang aplikasinya.. Trimakasih SIAPkerja.. â˜ºâ˜º,2023-01-06 07:25:03,9,
5,Prama Ajidin,"Tidak seperti aplikasi lainya, pada aplikasi ini memiliki fitur fitur yang menjadi keunggulan sendiri. Dengan begitu saya bisa mendapatkan informasi secara cepat dan tepat terkait lowongan kerja yang kami inginkanm",2023-01-18 08:19:05,0,
5,Aniyah Johnston,"aplikasinya sangat membantu untuk mencari lowongan pekerjaan,banyak juga informasi-informasi pekerjaan yang ada sesuai dengan bidang yang kita kuasai.semoga bisa tambah terus berkembang dan bisa membantu untuk semuanya ğŸ¤—ğŸ¤—",2023-01-15 13:06:49,0,
5,Dita Pratiwi,"Aplikasi ini bantu aku banget buat tau info lowongan pekerjaan, jadi memudahkan banget kalau mau nyari Informasi tentang magang, lowongan, magang, dll. Tampilan aplikasi nya juga baguss, Terima kasih SIAPkerja!",2023-01-08 09:03:14,0,
5,Ais Aisyun,"Bintang 5 buat SIAPkerja by Kemnaker, fitur nya banyak bgt, buat fresh graduate bisa bgt mau persiapan skill dgn pelatihan2 yg disediakan atau mau langsung apply pekerjaan sesuai bidang juga tersedia. Mantap!",2023-01-11 10:38:09,0,
5,Nur Fajriah Shulhusiah,Rekomendasi buat para pencaker. Karena aplikasinya memudahkan sekali untuk mencari pekerjaan. Fitur aplikasinya sangat mudah dipahami dan lengkap. Terima kasih SIAPkerja~,2023-01-11 11:27:44,0,
5,Sri Indriyani,Terima kasih siap kerja. Berkat aplikasi ini aku bisa mencari lowongan pekerjaan sesuai dengan basic aku. Rekomendasi banget untuk teman-teman yang masih bingung mencari lowongan pekerjaan. Aplikasi siap kerja akan membantu kalian memudahkan proses pencarian loker. Perfect banget deh,2023-01-17 05:04:26,0,
5,Najmul Akhir,"Aplikasinya keren. Sangat membantu dalam mencari lowongan kerja, fitur yang tersedia lengkap, overall sangat memuaskan. Wajib diunduh aplikasi ini ya teman teman...",2023-01-22 18:01:07,1,
5,Ellesia Sera,"Aplikasi siapkerja ini bener bener membantu banget bagi aku yang lagi cari kerja dan lama belum dapet kerjaan, diapk ini banyak banget lowongan kerja yang beragam dan sesuai skill yang ada , makasih banyak siap kerja!",2023-01-08 09:06:07,1,
5,Naya 1022,"Applikasinya sangat membantu sekali, terimakasih siap kerja memudahkan saya mencari info lowongan pekerjaan selain itu banyak informasi menarik mengenai pelatihan dan pengembangan diri agar kita lebih siap masuk ke dunia kerja recommended sekali",2023-01-17 07:57:29,0,
5,FTK_Iman Sinergi,"makasih siapkerjaa, didalem appsnya nih banyak macem pelatihan mana banyak yang gratis pula jadi kebantu banget buat aku yang fresh grad buat nyari ilmu lagi, aplikasi ini juga mempermudah saya untuk mencari pekerjaan",2023-01-17 06:59:04,2,
5,Ikhda Annisa,"Aplikasi SIAPkerja sangat bagus, apalagi banyak fitur-fitur yang menurut aku sangat membantu bagi aku yang belum punya pengalaman kerja. Dan juga gunain aplikasinya nggak ribet.",2023-01-20 21:47:20,2,
5,393_Asriani Annisa Amran,"makasih banget buat aplikasi siapkerja ini, membantu banget untuk aku yang belum punya kerjaan karna disini banyak lowongan-lowongan, ui ux nya juga keren banget dan pastinya user friendly",2023-01-18 03:24:38,0,
5,Pramadita Renanda,"Aplikasinya bagus karena banyak pelatihan buat peningkatan kompetensi, job opprtunity, dan lowongan pekerjaan. Makasih siapkerjaağŸ‘",2022-12-21 15:16:38,4,
5,Azzahra Salsabila,Aplikasi SIAPkerja sangat cocok digunakan bagi saya yang belum memiliki pengalaman kerja. Banyak lowongan pekerjaan yang bermacam-macam. Dan terdapat banyak pelatihan juga yang dapat dimanfaatkan dalam proses persiapan sebelum bekerja.,2023-01-21 14:50:32,0,
5,Monica Rizky Tiarasari,"Aplikasi ini bagus banget, sangat membantu aku yg belum dapet kerja dan lagi cari info lowongan. Fiturnya simpel jadi mudah buat dimengerti. Terima kasih siap kerja sudah membantu saya dalam mencari lowongan pekerjaan.",2023-01-18 03:43:42,0,
5,Aurelia Anindhita A 3,tampilan aplikasinya menarik dan isi dari aplikasinya sangat membantu bagi para pencari kerja dan bagi teman-teman yang ingin meningkatkan skill karena terdapat banyak course gratis yang dapat diikuti,2023-01-21 06:14:59,0,
5,Anindya Prima Nirmanda,"Memudahkan saya untuk mencari pekerjaan. Apk ini sangat bermanfaat untuk para freshgraduates seperti saya yg ingin cari pekerjaan. Akhirnya ada apk yang bermanfaat untuk Indonesia dalam memberantas angka pengangguran, the best Siapkerja! ğŸ”¥",2023-01-18 02:52:29,0,
5,Agnes Andrian,"aplikasinya sangat mempermudah, mulai dari aktivasi hingga fitur-fitur didalamnyaa, tidak hanya untuk pencarian kerja namun untuk pengembangan skill hingga memperluas kesempatan kerja pada tenaga kerja",2023-01-15 04:00:14,1,
5,Haura azz,"aplikasi yang sangat membantuu karena meberikan info seputar pelatihan, lowongan kerja dll. selain itu, penggunaannya cukup mudah dimengerti. terima kasih banyak SIAPkerja",2023-01-22 11:17:00,0,
5,Nur Fajriah Shulhusiah,Aplikasi nya sangat membantu untuk mencari pekerjaan. Fitur lengkap dan user friendly. Pertahankan terus kualitasnya soalnya recommended banget untuk para pencaker,2023-01-11 11:30:38,0,
5,Alinka Najwa,"aplikasinyaa sangat mudah digunakan, terdapat pelatihaan dan lowongan pekerjaan yang beragaam. terimakasih dan semangaattt pejuangg cuaan!!",2023-01-18 13:10:20,1,
5,Syahrul Rahmadani,Tampilannya mudah dimengerti. Aplikasinya sangat membantu terutama untuk informasi lowongan pekerjaan dan peningkatan skill yang dimiliki.,2023-01-21 02:53:25,0,
5,Ratna Gery,"Saya kehilangan SIM card ,dan saya mendaftar untuk pembuatan id recom menggunakan nomor tersebut,lebih parahnya saya juga lupa dengan email nya..saya harus bagaimana? Alhasil saya kesulitan masuk, Padahal saya sangat membutuhkan nya..",2023-06-07 10:33:14,0,
5,Sulistri Ningsih,"Aplikasikasih ini, sangat bermanfaat bagi para kerja, karna aplikasi ini menyediakan program pelatihan pra kerja gratis dari pemerintah, sangat membantu banget untuk kita, untuk menambah skill lagiğŸ¥°",2024-06-27 06:42:14,20,
5,silfionitaa,"terimakasih atas lowongannya, sangat memudahkan banget aplikasi siap kerja ini..semenjak ada aplikasi ini saya jadi merasa terbantu yg belum kerja ini terimakasi siap keerja",2023-01-11 10:32:55,0,
5,Nur Azizah,"Aplikasi SIAPkerja sangat membantu sekali untuk mencari informasi lowongan pekerjaan, banyak tips dan kursus online gratis untuk meningkatkan kemampuan, sehingga membuka banyak peluang yang lebih luas bagi saya untuk mendapatkan layanan ketenagakerjaaan",2023-01-17 08:42:11,0,
5,Kurnia Ramadhanty,Aplikasinya bagus banget loh. Beneran membantu banget bagi orang yang lagi mencari pekerjaan. Terus juga terdapat banyak pelatihan supaya bisa lebih siap untuk bekerjaa,2023-01-08 10:22:21,0,
5,Erina Alfi,"Aplikasinya sangat bagus, cocok untuk orang yang sedang mencari pekerjaan. Terdapat fitur-fitur dan informasi yang menarik dan mudah dipahami.",2023-01-23 08:57:03,0,
5,Mia Lestari Puji Astuti,"Aplikasinya sangat membantu sekali untuk mencari lowongan pekerjaan, terimakasih siap kerja, berkat aplikasi ini saya tidak kesusahan lagi mencari pekerjaan.",2023-01-08 09:27:25,0,
5,siti nur fatimah,"Aplikasi nya sangat bagus sekali karena berisi banyak informasi terkait lowongan pekerjaan, fiturnya jg sangat mudah dipahami, terima kasih SIAPkerja",2023-01-18 02:50:07,0,
5,elmi 22,"Terima kasih banyak, aplikasi ini sangat bermanfaat dan membantu sekali bagi saya yang mencari lowongan pekerjaan, semoga kedepannya bisa lebih ditingkatkan, tapi over all sudah sangat membantu...",2023-01-15 20:17:50,0,
5,Najmi Firdaus,"Aplikasinya baguss banget, sangat membantu untuk saya yang sedang mencari pekerjaan, banyak informasi serta fitur fitur yang memudahkan saya untuk menggali informasi, terima kasih Siapkerja",2023-01-20 10:03:23,0,
5,Novi Fitriyani,semudah ini kita bisa nyari perkerjaan hanya di aplikasi siapkerja. banyak macam macam jenis kerjaannya dan diaplikasi ini di sediakan pelatihan yang berstandar SKKNI. keren deh aplikasi ini,2023-01-05 07:25:42,0,
5,Evi Fatimah,"Aplikasi ini sangat membantu bagi para pencari kerja, ada informasi lowongan pekerjaan dan juga pelatihan kerja. Fiturnya juga mudah dipahami.",2023-01-11 07:55:43,1,
5,putri widya,aplikasinya sangat membantu karna memberi layanan yang bermanfaat tentunya dan banyak lowongan kerja juga mantep dah. terimakasih SIAPkerja,2023-01-08 09:27:56,0,
5,Kiki Pauzi,"Aplikasi nya bagus tapi kalo mencet pusat bantuan langsung diarahkan ke web, dan web tersebut seringkali error tidak dapat loggin.",2023-01-30 03:06:59,0,
5,Dhea Nira,"sangat berterimakasih sama aplikasi SIAPkerja soalnya sangat ngebantu aku yg blum punya kerjaan, info lowongannya bejibun tinggal pilih aja sesuai kebutuhan",2023-01-05 05:25:13,0,
5,Tahra Aulia,"Aplikasi mantep banget soalnya fitur fiturnya keren jadi membantu saya mencari kerja, terus fitur pelatihanku juga kereennn",2023-01-24 11:14:47,0,
5,Mahyatul Uyun,"Sejak ada aplikasi ini nyari lowongan kerja ga usah keluar rumah ngabisin ongkos atau bensin. Cukup scroll dan lamar disini.. terimakasih info lowongan nya, sangat membantu saya",2022-12-21 21:56:02,0,
5,Marwan,"Aplikasi yg memudahkan kita menemukan pekerjaan yg cocok dg skill kita, ada pelatihan kerja nya juga. Membantu banget sih, kembangkan lagi ğŸ‘ğŸ‘",2023-01-06 07:10:37,0,
5,Alma Vionita,"Aplikasinya bagus sangat membantu untuk yang sedang mencari pekerjaan termasuk aku yang belum punya pekerjaan, terimakasih info lowongannya. Makasih siapkerja",2023-01-05 06:00:04,0,
5,ADAM ARI WIBOWO,"Ini kenapa klaim ke-6 statusnya masih tahap ""Sedang Mempersiapkan Berkas"" ??? nyoba ""hubungi contact center"" tapi malah ditutup telponnya tidak di angkat ..????",2025-03-17 07:21:24,168,
5,Firman Hidayat,"Aplikasi yang dikemas secara rapi dan sempurna, fitur fitur dalam desain yang elegant membuat semangat untuk membukanya, Terima kasih siap kerja!",2023-01-18 11:57:57,0,
5,Asyabil,"Aplikasi yang sangat bagus dan bermanfaat, tampilannya juga tidak membosankan. Semoga kedepannya aplikasi ini bisa terus berkembang dan lebih baik lagi ğŸ‘ğŸ»",2023-01-20 04:14:09,0,
5,Erwin Magfiroh,"Apknya mudah digunakan fitur2nya sangat banyak, daftar akunya mudah sangat membantu buat saya yang fresh graduate buat cari info loker disini, terimakasih siap kerja",2023-01-17 08:35:47,0,
5,Tania Tan,"Terimakasih siap kerja, sangat membantu saya yang kebetulan susah mencari kerjaan. Fitur-fiturnya juga mudah dimengerti, mantaplah.",2023-01-18 02:48:44,0,
5,Yanti Minang,trimakasihhh untuk akun siap kerja.yg udh memberikan motivasi buat aq.selalu tingkatkan kualitas terbaik nya.gk ada iklan.jdi pas digunagan tidak terganggu.yg buat cari kerja pas bnget sma akun siap kerja ini.jngn ragu buat install,2024-10-02 04:46:39,4,
5,Fifi SYC,"Terdebest lah, apk siap kerja sangat membantu mencari info loker plus mudah dipahami apknya, gaada kendala apapun. Thankyou..",2022-12-21 15:33:36,0,
5,Reisa Febrianti,"App nya bagus ,memudahkan aku untuk mencari kerjaan ada pelatihan nya juga bener2 ngabantu aku,terimakasih banyak siapkerja.",2023-01-11 10:38:07,0,
5,Muhammad Maisaan Taufiiq,"aplikasinya sangat mudah digunakan, terdapat banyak sekali lowongan kerja disini dan juga tersedia juga pelatihan pelatihan yang dapat meningkatkan skill dan value dari diri kita agar lebih siap memasuki dunia karir",2023-01-15 05:55:58,0,
5,siti,"Sangat memudahkan untuk mencari info lowongan kerja, selain itu juga aplikasinya mudah dimengerti. Terima Kasih SIAPkerja!!",2023-01-17 07:17:33,0,
5,Dhimas Satya Yunanto,"Sudah cukup baik, tinggal diperbaiki perihal karirhub nya agar tidak perlu diarahkan kembali ke google chrome disaat ingin mencari pekerjaan nya",2024-09-01 21:17:31,0,
5,Anisa Zahra,"aplikasi bermanfaat! sangat membantu saya untuk mencari pekerjaan, mengikuti ikut pelatihan, dan berbisnis. thankyou siapkerjağŸ˜ğŸ‘ğŸ»",2023-01-16 05:51:38,0,
5,Anang Supriyadi,"Sangat membantu dalam memberikan penjelasan dan info buat pencari pekerjaan , trimah kasih",2025-05-03 03:03:19,0,
5,sari Ulfa,Aplikasinya bagus utk peningkatan skill karena ada pelatihan' yang bisa diikuti dan pastinya mudah digunakan.,2023-01-08 09:25:52,0,
5,Melsy Handayani,Aplikasi siap kerja ini bermanfaat terutama bagi yang belum punya pekerjaan karena di aplikasi ini sudah sediakan program pelatihan pra kerja secara gratis dari pemerintah untuk mengasah skil sesuai dengan bidang yang kita pilih sembari kita mencari pekerjaan,2024-06-27 07:10:34,7,
5,Saiful Ari Mustofa,"Berkat aplikasi siapkerja, sekarang udah dapet kerjaan. Membantu banget. Terimakasih untuk penyediaan lowongan pekerjaan nya . Thanks",2023-01-08 09:04:36,1,
5,Rida Nadia Salsa Bila,"Aplikasi sangat membantu sekali, fitur mudah dipahami tidak belibet. So, jangan ragu buat download aplikasi ini.",2023-01-18 18:08:48,0,
5,Puji Astuti,"Dengan adanya aplikasi ini saya jadi lebih mudah untuk mencari lapangan pekerjaan, makasih siap kerja udah nyediain apk ini..",2023-01-17 05:37:55,0,
5,aerola girnanta,"Sebagai jobseeker dan fresh grad, aplikasi ini ngebantu banget buat cari pekerjaan:') memudahkan banget aplikasinyaa!",2023-01-16 07:33:54,0,
5,azzahra,"Aplikasi nya membantu orang-orang untuk mencari pekerjaan, banyak lowongan yang tersedia dipajang dan diakses dengan mudah.",2023-01-21 13:05:04,2,
5,Chairul iqsan,Ada apk namanya Siapkerja appnya bagus banget loh dan fitur di dalam apknya lengkap dan mudah digunakan juga dan memudahkan kita untuk mencari Pekerjaan Juga Terimakasih ğŸ™,2023-01-15 13:13:40,0,
5,Khaira Farah,"Thanks mimin, aplikasinya berguna banget untuk aku yang belum punya pekerjaan. Jadi aku gampang tau info-info lowongannya, makasih siapkerjaâ¤ï¸",2023-01-11 10:45:18,0,
5,Yoga Handrico,Aplikasi ini sangat membantu buat para jobseeker. Fitur-fitur yg disediakan juga cukup lengkap dan mudah dipahami,2023-01-24 12:00:24,0,
5,Hariyati,"Makasih siap kerja, info lowongam kerjanya lengkap banget. Fitur-fitur di aplikasinya juga mudah dipahami",2023-01-18 03:37:18,0,
5,Risaa,"Aplikasinya sangat membantu banget buat aku yang saat ini belum punya pekerjaan , info lowongan yang dishare pun juga banyak. Terimakasih siapkerja",2023-01-05 06:12:43,0,
5,Murfariawati,"Aplikasinya bagus, banyak pelatihan buat meningkatkan skill bekerja dan lowongan pekerjaan.",2023-01-11 09:21:55,1,
5,Vikra Shafwa,"Aplikasinya mudah banget dipahami, cocok untuk mencari pekerjaan. Terimakasih siapkerja sangat membantu sayağŸ‘",2023-01-15 14:56:24,0,
5,Aisyah zahra Dwi Andini,"Aplikasi ini sangat bermanfaat bagi para pekerja, karena aplikasi ini menyediakan program pelatihan pra kerja gratis dari pemerintah,dan sengat membantu untuk menambah skill kita",2024-07-19 07:48:25,0,
5,yusuf muhammad,"Ini aplikasi SIAPkerja benar-benar sangat bermanfaat buat yang lagi butuh kerja, banyak informasi yang berguna dalam mencari kerja, sangat recommended ğŸ‘ Terimakasih SIAPkerja.",2023-01-11 10:52:57,0,
5,Ryuko Karumei,Terimakasih banyak aplikasi ini sangat membantu sekali dalam mencari pekerjaan. Banyak sekali lowongan pekerjaan yang tersedia. Terimakasih saya terbantu dengan adanya aplikasi ini.,2023-01-16 06:54:06,0,
5,Rahma Aura Nisa,"aplikasi ini sangat membantu untuk mencari informasi perkerjaan dengan cepat, apalagi dengan fitur-fitur yang menarik dan mudah dimengerti",2023-01-18 13:44:14,0,
5,Angga Tricuna Dewa Siburian _24_032,"Ngebantu banget untuk aku yang belum punya pekerjaan , appnya memberikan info pelatihan dan menyediakan lowongan pekerjaan. Makasih siapkerjaa !",2023-01-08 09:25:52,0,
5,Agnan Rama,"Aplikasi sangat membantu untuk mempermudah mencari informasi terkait lowongan kerja, fitur""nya juga menarik",2023-01-20 22:51:50,0,
5,Rima Syfa Nurfadillah,"terima kasih info lowongan kerjanya, berkat aplikasi ini saya jadi mudah untuk mencari lowongan kerja yang sesuai dengan skill saya, recommended banget aplikasinyağŸ¤©",2023-01-17 07:23:44,0,
5,Mirela Nata,"Aplikasinya sangat bagus buat aku yang baru lulus dan butuh banget pekerjaan. Apknya sangat membantu buat nyari"" kerja. Terimakasih info lowongan kerjanya",2023-01-17 08:22:47,0,
5,Patricia Erika,Terobosan baru. Membantu banget bagi pencari kerja atau yg memerlukan tambahan ketrampilan supaya bisa berdikari atau terampil bekerja,2023-01-11 10:54:12,0,
5,Kasdi Kasdi,Aplikasi ini memudahkan saya dalam mencari perkerjaan dan info lowongan kerjanya juga banyak. terimakasih apk siapkerja ğŸ‘,2023-01-11 06:03:08,0,
5,Fadhil,"Aplikasi ini sangat membantu dalam mencari info lowongan pekerjaan. Aplikasinya juga cepet dan gampang juga digunainnya, jadi buat yang baru download gak bakal kebingungan",2023-01-19 02:44:00,0,
5,Noviani Rahmah,"Keren banget aplikasinyaa, sangat membantu dan bisa digunakan dengan mudah. Keamanan datanya juga terjamin. Kerennn gak nyesel download",2023-01-24 23:06:29,0,
5,Reyna naa,Aplikasi nya sangat bagus dan mudah dipahami. Banyak fitur yang bisa membantu. Pokonya terimakasih siapkerja sangat membantu.,2023-01-08 08:58:49,3,
5,Sandra Tania,"Aplikasinya sangat membantu buat orang-orang yang lagi cari/butuh pekerjaan, soalnya banyak info soal lowongan pekerjaan. Recommended ğŸ‘Œ",2023-01-22 12:51:37,0,
5,Vania Indrita,"Menurut saya, aplikasi SIAPkerja ini dapat mempermudah ekosistem ketenagakerjaan indonesia dan meningkatkan kualitas ketenagakerjaan indonesia. Good job.",2023-01-19 14:09:07,0,
5,nancy's,"aplikasi yang sangat berguna , banyak lowongan pekerjaan, sangat membantu untuk mencari lowongan pekerjaan, thanks banget buat siapkerjağŸ¥°",2023-01-06 09:10:11,2,
5,Silvi Eka,"Terimakasih, aplikasinya sangat membantu dalam mencari lowongan pekerjaan, dan banyak lowongan pekerjaan yg ada di aplikasi.",2023-01-11 10:35:42,3,
5,Wins Project,Aplikasi mudah digunakan. Loker yang tersedia juga banyak & terbaru. SIAPkerja membantu banget untuk aku yang belum punya kerjaan. Terima kasih info lowongannya.,2022-12-23 03:30:05,0,
5,Chesi Deviaksa Yahya,"Aplikasinya sangat mudah untuk diakses, informatif seputar pekerjaan dan sangat membantu bagi ara pencari pekerjaan yang sesuai",2023-01-15 05:25:18,2,
5,Samari,"Aplikasinya ngebantu banget untuk mencari info lowongan pekerjaan. Makasih SIAPkerja , nsudah memudahkan saya untuk mencari kerjaan.",2023-01-11 06:36:31,1,
5,Yuni Sukarwati,"Akhirnya nemu aplikasi yang ngebantu banget untuk aku yang belum punya pekerjaan , info lowongannya update. Makasih SIAPkerja",2023-01-11 07:06:58,0,
5,Sudarti Usman,"Aplikasinya bagus sangat membantu untuk yang sedang mencari pekerjaan, lowongan yang tersedia juga banyak dan berbagai macam, terima kasih",2022-12-25 13:33:57,2,
5,Silvi Rahmawati,"terimakasih info lowongannya,membantu banget untuk aku yang belum punya kerjaan, aplikasinya juga mudah digunakan,makasih siapkerjaa.",2023-01-05 05:21:37,0,
5,Vanessa Aura,Aplikasi Siap Kerja sangat bermanfaat sekali untuk saya yang baru memulai dan ingin mencari pekerjaan tersedia banyak lowongan pekerjaan dan pelatihan kerja,2023-01-22 05:12:15,0,
5,Mervel Statency,"Aplikasi ini membantu banget buat nyari kerja. Aku yg belum dapat kerja, langsung dapat banyak info loker di aplikasi ini. Makasi siapkerjaa",2023-01-05 05:26:35,0,
5,Nadya Anasthasya,"Info lowongan paling lengkap dan terupdate, membantu banget buat aku yang masih fresh graduate dan lagi nyari nyari kerja. Peluang untuk di reach out oleh HR pun kelihatannya besar ya",2023-01-06 09:21:01,0,
5,Dyah Ayu,"Alhamdullilah nemu aplikasi SIAPkerja. Sangat bermanfaat membantu buat aku yang belum punya pekerjaan, makasih siapkerja",2023-01-11 07:13:52,0,
5,ainun mustika,Terima kasih atas info lowongannya. Aplikasinya sangat bermanfaat bagi saya yang jobseeker. Rocomended untuk yang masih mencari kerja. Karena info lokernya sangat updateâ˜ºï¸,2023-01-05 05:07:44,0,
5,nyenye 98,"Aplikasinya cukup bagus, berbagai fitur pelatihan guna mempermudah pemahaman sebelum memasuki dunia kerja dan meningkatkan sdm Indonesia",2023-01-11 08:06:42,0,
5,im army,"aplikasinya bagus, membantu bgt buat aku yang laginyari kerja sesuai kriteria, udh banyak juga lowongannya",2023-01-05 06:52:45,0,
5,Nana,"Aplikasi sangat membantu sekali bagi yang belum mendapatkan pekerjaan, banyak sekali info lowongan pekerjaannya. Makasih SIAPkerja",2023-01-05 07:20:10,0,
5,selvi wulandari,"Terimakasih banget sama aplikasi siap kerja, aplikasinya bikin aku jadi mudah buat cari kerja, semangat buat kita semua para pejuang pencari kerja",2023-01-06 11:07:09,0,
5,Benaya Ruth,"Aplikasinya membantu banget buat aku yang belum punya kerjaan, fitur-fiturnya lengkap, mudah digunakan. Terima kasih SIAPkerja",2023-01-05 07:06:53,0,
5,Tri Yani,"Aplikasi yang sangat bermanfaat bagi kita yang membutuhkan lowongan kerja, sangat memudahkan untuk mencari pekerjaan, terima kasih SIAP KERJA",2023-01-08 09:02:26,0,
5,Lia,"Nyari lowongan kerja memang sulit, tapi dengan siapkerja ga perlu pusing lagi. Ada banyak lowongan yang tersedia, terima kasih siapkerja.",2022-12-21 17:09:14,0,
5,Reva Juliawati,"Aplikasinya membantu bangett, pas buat aku yg lagi cari lowongan pekerjaan. Makasih SIAPkerja buat info lokernya",2023-01-17 02:59:35,0,
5,Ilham Aa,"SIAPkerja ngebantu banget buat aku mahasiswi dapetin informasi pekerjaan, magang dan nyediain pelatihan juga buat ningkatin skill aku. Terima kasih SIAPkerja",2023-01-08 09:12:34,0,
5,Safan Parna Ramadandra,"Aplikasi ini sangat membantu memberikan saya informasi seputar pekerjaan, design juga simple dan minimalis namun sangat menarik, aplikasi juga sangat mudah digunakan",2023-01-18 08:16:21,2,
5,Murni,terimakasih info lowongannya.. membantu banget untuk aku yang belum punya kerjaan..pokoknya terthe best ini soalnya saya kemarin blum kerja allhamdulilah udah ada bantuan cari lowongan,2023-01-17 06:12:50,0,
5,cesalia intan,"Wahhh sangat membantu sekali aplikasi ini untuk aku yang belom kerja, apk sangat mudah di pakai dan sangat rekomendasi. Terimakasih",2023-01-16 10:11:42,0,
5,Novi Estika,"Wah makasi banget buat app SIAPkerja, sangat membantu buat nyari info pekerjaan buat aku yg masih fresh graduate ini.",2023-01-18 04:10:32,0,
5,endah Setyowati,Aplikasinya sangat bagus bisa memadai orang orang buat mencari pekerjaan dengan fitur2 yang sangatt menarikk,2023-01-05 07:03:30,1,
5,Aspa Fallen,"Aplikasinya sangat bermanfaat, memberi informasi lowongan pekerjaan, berguna sekali untuk yang sedang butuh",2023-01-05 13:04:59,0,
5,Ilham Nur Hakim,"Apknya bagus bagett, bisa cari"" lowongan kerja buat yang pengangguran dan banyak banget manfaatnya yang sangat membantu!!",2023-01-24 11:49:01,4,
5,Sera Maureen,"aplikasi nya bagus, ada fasilitas yg support buat orang' yg lagi cari lowongan kerja, ad pelatihan kerja nya juga",2023-01-06 09:13:06,0,
5,ana laela zahara,"aplikasi yang mambantu banget buat aku yang baru lulus dan lagi nyari kerja, banyak banget info yang bermanfaat dan lowongan kerja di berbagai daerah",2022-12-21 15:24:58,0,
5,Hermawati Windiani,"Sangat bermanfaat untuk para pencari kerja, dan bagus,mudah ngeklaim pekerjaan",2025-03-23 16:18:01,0,
5,NehebreGinting,Tolong dong admin verivikasi status cpmi saya sudah lengkap supaya saya bisa melamar kerja ke luar negeri melalui aplikasi ini siap kerja. Sukses selalu untuk admin Kemenaker Indonesia.,2025-04-18 00:35:49,1,
5,Dewi Ratnawati,Sangat berguna banget buat aku yang lagi cari lowongan kerja. Semoga bisa cepat dapat lewat apk SIAPkerja ini. Terima kasih info lowongannya,2023-01-11 07:07:08,0,
5,Deysa Ayudiapala,"Wah fiturnya makin mantap nih. Jadi gampang jga kalau cari lowongan, bantu banget buat aku yg baru mau nyari kerja",2023-01-05 06:02:44,0,
5,Hany Lestari,Aplikasinya membantu banget buat yg belum punya kerjaan. Lowongan kerjanya juga banyak. Makasih siap kerja.,2023-01-06 10:01:24,0,
5,joe ananda,"Aplikasi nya sangat membantu, dan banyak pelatihan, lowongan pekerjaan. Terimakasih siapkerjağŸ‘",2022-12-24 06:16:49,1,
5,Kios 3in1 Purworejo,"dari sudut pandang penyelenggara pelatihan, sebaiknya ditambah fitur chat dengan pendaftar, supaya komunikasi dengan calon peserta bisa berada dalam satu platform",2023-02-09 01:14:26,0,
5,Hakim Fame,"Bukan sekedar nyariin kerja, but sekalian ngasah skill lebih bagus lagi, good app good work ğŸ‘ terimakasih SIAPkerja.",2023-01-16 03:53:36,0,
5,Risaa Ratuu,"Aplikasinya keren banget!!!! Sangat membantu untuk para pencari kerja, terlebih fitur yang disediakan sangat mudah dipahami :>",2023-01-22 16:05:26,0,
5,Dalilah Husna,"Aplikasinya membantu sekali untuk mencari lowongan pekerjaan, pelatihan untuk meningkatkan kemampuan juga disertai dengan berita-berita terkait yang sangat membantu sekali",2023-01-22 06:54:05,1,
5,Erna Utami,Saya lupa password akun kemnaker Dan saat reset password tidak mendapatkan kode otp karena nomor telepon yang terdaftar sudah tidak aktif Bagaimana cara saya mengakses akun kemnaker kembali,2023-11-22 17:16:58,0,
5,Rakhmat febrian06,cek riwayat klaim sudah d bayarkan tapi saldo belom masuk ke rekening ini dari tanggal 24 mei 2025 gimana maksudnya???,2025-05-28 05:05:41,4,
5,Aby Fia,ğŸ‘ğŸ‘ğŸ‘ğŸ‘ğŸ‘ğŸ‘Œ no comen menurut saya aplikasi ini bagus sangat membantu mencari lowongan pekerjaan.terus tingkatkan agar lebih bagus lagi untuk kedepannya ğŸ‘,2022-12-22 05:34:12,1,
5,riani,"apk untuk pencari kerja yg rekomended bgt sih, sangat mudah dijangkau dan banyak informasi lowongannya",2023-01-17 08:31:20,1,
5,ila sabila,"Terima kasih SIAPkerja, aplikasinya sangat membantu saya yg baru lulus kuliah, penggunaannya juga mudah dimengertiğŸ‘",2023-01-17 08:28:27,0,
5,Fadillah Nugroho,Usefull banget! Bisa memudahkan kita mencari lowongan yang tepat dan menambah skill kita.,2023-01-15 15:59:36,0,
5,Sherly Aulia Rizki,"Aplikasi nya keren, pelatihan-pelatihan yang tersedia juga sangat membantu.",2023-01-24 11:53:57,0,
5,Wulan Arikartika,"Aplikasinya keren, dengan tampilan simpel dan memudahkan kita untuk mencari pekerjaan",2023-01-23 06:05:58,0,
5,rully masta,"Terimakasih siap kerja , info lowongannya sangat membantu ,, dapat kerja dari apk ini nihh .",2023-01-11 10:20:54,0,
5,nur komariah,"aplikasi ini berguna banget buat aku yang belum dapet kerja dan mau cari kerja, terimakasih siapkerja semoga makin banyak loker"" nya yang bagus ğŸ¥°",2023-01-18 04:26:47,0,
5,Fadhil Anwar,"Aplikasinya bagus banget, fitur lengkap, tersedia pelatihan kerja, lowongan kerja, magang dsb,terimakasih SIAPkerja",2023-01-18 15:12:32,0,
5,Riki Mulyana,"Aplikasi nya bagus banget, berguna banget buat yg nyari kerja sama fitur fiturnya ckp lengkap",2023-01-15 05:12:01,0,
5,Dominikus Zerio,Aplikasi nya bagus cocok untuk yg baru lulus frash graduate untuk mencari pengalaman,2023-01-20 04:46:08,0,
5,Rika Rahayu,"Suka banget sama apk nya karena membantu banget buat aku yang lagi nyari kerjaan, apalagi aku fresh graduate, makasih siap kerja.",2023-01-15 12:46:06,0,
5,Zaib Shidiqi,"Aplikasinya bagus, mudah digunakan dan banyak tersedia lowongan pekerjaan sesuai dengan skill",2023-01-18 08:00:34,0,
5,Intan Aprilliani,"Aplikasi yang ngebantu untuk yang butuh lowongan kerja sihh ini, bagus dan ngebantu banget",2023-01-17 05:01:47,0,
5,Rana Juliana,Aplikasi sangat membantu buat upgrade skill dan mencari lowongan pekerjaan menjadi mudah,2023-01-08 10:17:29,0,
5,Quro'atull asikta,Buat para mahasiswa aplikasi ini sangat membantu untuk cari tambahan uang. Makasih siapkerja.,2023-01-18 02:41:56,0,
5,Restu,"Aplikasinya bagus, mudah digunakan, dan mampu meningkatkan skill krna fitur fitur yang diberikan.",2023-01-23 05:23:46,0,
5,Hizbullah Harris,"Terima kasih info lowkernya, sangat membantu sekali untuk para jobseeker, makasih siap kerja, mudah mudahan keterima.",2023-01-08 09:22:05,1,
5,Fardillah Mifta,Karena aplikasi siapkerja memudahkan sy mencari pekerjaan.. Sekarang sudah dapat pekerjaan sesuai bidang sy.. Terimakasih siapkerja,2023-01-08 09:19:31,1,
5,Risna oktaviani,"Aplikasinya sangat ngebantu aku banget dikala lagi cari kerja, lowongan pekerjaanya juga update banget",2023-01-11 10:35:51,0,
5,Ikeputri 20,Aplikasinya sangat bermanfat dan membantu terutama utk yg belum punya kerjaan. Terimakasih jg utk info lowongannya,2023-01-06 07:24:54,1,
5,Siapa Hayo,Aplikasi ini sangat bermanfaat untuk saya sebagai mahasiswa. Terdapat fitur informasi magang dan sangat mempermudah saya. 1,2023-01-18 13:10:39,0,
5,mariana sri sudarmawati,"aplikasinya sangat bermanfaat untuk mencari pekerjaan, fitur-fiturnya juga mudah diaksesğŸ¤©",2023-01-18 09:25:49,0,
5,Dwi Setiadhi,aplikasi yang sangat baguss dan sangat sangat membantuu serta sudah jelas terpampang semua dalam aplikasi terima kasibh,2023-01-19 10:43:41,0,
5,Zilla Hikmah,"Akhirnya ada juga aplikasi yang bagus buat nyari info lowongan kerja, makasih banget lhoo siapkerja membantu banget buat nyari kerjaan",2023-01-17 08:14:18,1,
5,Nur Machfudz,Aplikasi ini sangat membantu saya dalam mencari lowongan pekerjaan. Aplikasinya juga simple dan mudah digunakan dalam mencari informasi pekerjaan,2023-01-23 10:36:59,1,
5,Nur Syaefulloh Purnomo,"Aplikasi sangat membantu , terimakasih info lowongan kerja nya. Mudah dan gampang cari info loker .",2023-01-18 04:04:05,0,
5,Antoni Eka Putra,Aplikasi yang mempermudah orang-orang untuk mencari lowongan pekerjaan. Semoga dapat terus dikembangkan.,2023-01-19 11:12:01,0,
5,Hari Yol,"Aplikasi ini sangat bagus dan bermanfaat bagi para pencari lowongan kerja, serta harus dikembangkan lebih baik lagi kedepannya",2023-01-15 04:21:31,0,
5,Indah Lestari,Aplikasi yang membantu banget buat aku yang belum dapet kerja.. semoga setelah ini bisa dapet pekerjaan.. terimakasih siapkerja,2023-01-05 06:44:27,0,
5,Miftakhul Hidayah,"Aplikasi ini membantu banget buat aku yang lagi nyari kerjaan, makasih bgt info lowongannya. Thanks full buat siap kerja",2022-12-23 02:26:37,0,
5,Denisa Nur,Aplikasinya sangat membantu dan mempermudah saya dalam mencari pekerjaan. Makasih siapkerja,2023-01-18 02:54:06,0,
5,annisa syaefulloh,Terimah kasih untuk info lowongan kerja nya dan ini sangat membantu sekali untuk saya yang sedang mencari pekerjaan..ğŸ¥°,2023-01-18 06:34:30,0,
5,Utami Fitri,Aplikasi yang bagus buat cari lowongan kerja. Pokoknya membantu banget buat dapet kerjaan.,2023-01-18 03:48:17,0,
5,Revita Tri Ustiandari,"aplikasinya sangat membantu saya untuk mencati lowongan pekerjaan, mudah juga penggunaannya",2022-12-25 13:22:21,0,
5,Farel Insan,Aplikasi yang sangat membantu bagi kita yang ingin mencari lowongan terupdate dan terpercaya SIAP KERJA mantap,2023-01-11 06:49:45,0,
5,Reza Alvi Nurrohim,Aplikasinya sangat membantu saya sekali dalam mencari referensi kerja. Semoga kinerja aplikasi ini dapat terus ditingkatkan.,2023-01-24 11:09:17,0,
5,Qeisya Nurul Khasanah,"lowongan pekerjaan yang diberikan sangat variatif dan informatif sekali, terima kasih..",2023-01-15 12:40:51,0,
5,fredi meisandi,"Aplikasi yang sangat membantu untuk para pekerja, semoga aplikasi ini dapat selalu di upgrade menjadi lebih baik. Aamiin",2023-09-14 05:00:43,0,
5,Pamrihati I,"Aplikasinya membantu banget, ada info lowongan kerja membantu banget untuk aku yang belum punya kerjaan, terimakasih..",2023-01-06 07:14:55,1,
5,Riska Nur Fadilah,Aplikasi ini sangat bermanfaat karena memberikan program pelatihan pra kerja gratis dari pemerintah yang dapat meningkatkan skil seseorang,2024-06-27 08:02:32,0,
5,Indah Prasetyowati,Aplikasinya sangat membantu sekali untuk mencari lowongan kerja buat saya yang belum mendapatkan pekerjaan.,2023-01-17 08:43:41,0,
5,Nava Olivia,"Aplikasinya sangat membantu dan fiturnya sangat berguna dengan baik, terimakasih siapkerja",2023-01-21 05:27:07,1,
5,putri wulandari,"Membantu untuk yg sedang mencari perkerjaan, semoga aplikasi nya makin berkembang ğŸ¥°ğŸ‘",2022-12-22 01:16:21,0,
5,Annisa Fitriyani,"Aplikasinya bagus, membantu banget buat yang mau ikut pelatihan-pelatihan, update skill jadi gampang",2023-01-11 07:21:20,1,
5,Mela D Palupi,"membantu banget buat cari kerja, bisa nambah skill dan banyak bimbingan.. makasih banyak",2023-01-15 13:24:13,0,
5,M. Zaedatul Khoiri [ Mas Icun ],"Aplikasi ini membantu banget bagi yang pra kerja, terkoneksi banyak pelatihan gratis dari pemerintah. Sangat support banget bagi kami pencari kerja atau meningkatkan skill buat naek jabatan dalam perusahaan.",2024-03-02 13:44:42,4,
5,Sugih AT,Aplikasi yang membantu untuk meningkatkan skill dan membantu juga mencari pekerjaan The bestt,2022-12-25 07:05:00,0,
5,Sidiq Sidiq,Aplikasi ini sangat membantu untuk membuka lapangan kerja khusus nya dibidang tehnisi pendingin ( AC ) mudah mudahan bermanfaat,2024-08-27 13:34:37,0,
5,Rakhil Malikus,"aplikasi nya mudah digunakan,banyak info loker dan sangat membantu. terimakasih siapkerja",2023-01-08 08:53:30,0,
5,Aura Safillah,"Aplikasi yang sangat membantu aku banget untuk cari kerja, banyak berbagai info loker, terimakasih siapkerja",2023-01-05 06:53:52,0,
5,Fajar Putra,"bagus aplikasinyaa, informasi nya jelas lengkap dan mudah.",2022-12-24 01:02:17,0,
5,Murtia Nada,"Aplikasi siap kerja sangat memudahkan saya untuk mencari pekerjaan, recomended deh.",2023-01-11 10:37:18,0,
5,rusdi saleh,"Sangat membantu saya untuk mencari kerja , app nya mudah untuk digunakan . Thanks you yaaa .",2023-01-16 05:10:11,0,
5,Dyah Ayu Oktiara Putri,"ini aplikasi sangat menbantu mencari pekerjaan, terimakasih info lowongannya.",2022-12-23 09:19:31,0,
5,Gilian Dini Ridwan,Aplikasi ini sangat bagus karena memberi latihan pelayanan agar kita bisa siap. Kerja,2023-01-08 09:47:08,0,
5,Allie Fitzgerald,Aplikasinya sangat bagus membantu kita untuk menemukan pekerjaan yang kita mau dan siap untuk kerja,2023-01-11 05:49:53,0,
5,Farhan Ramadhan,jujur ini sangat membantu aku yang belum punya pekerjaan untuk bisa cari lowongan pekerjaan. rate dr aku 5/5 buat aplikasinyağŸ‘,2023-01-19 12:32:10,0,
5,Tsania Hefny Hidayah,aplikasi yang sangat bermanfaat dan ngebantu banget buat job seekers kaya aku. terimakasii SIAPkerja,2023-01-08 09:29:13,0,
5,perdian Syah,"Aplikasi ini sangat bagus, fiturnya juga keren banget jadi bisa memberikan informasi tentang pekerjaanğŸ¤©",2023-01-24 11:43:04,0,
5,Yudhi Oktavian Gule,Terimakasih lowongannya. Apps mudah digunakan. Banyak layanan nya.,2023-01-05 07:20:34,0,
5,robby yudiansyah,Sangat membantu mencari pekerjaan. Sesuai skil untuk pekerjaan maju terus siap kerja,2023-01-18 04:02:08,0,
5,chofifah alfin,"banyak informasi lowongan kerja, bisa pilih sesuai passion. pokoknya membantu banget deh",2023-01-05 05:05:19,0,
5,amanda,"aplikasinya sangat membantu dan informatif sekali, cocok untuk menambah pengetahuan",2023-01-18 03:51:07,0,
5,Ammar Semesta,"Aplikasi nya bagus, sangat informatif, dan sangat direkomendasikan deh bagi yang ingin mencari kerja",2023-01-22 14:24:46,0,
5,Hakim Amrillah,"ui ux nya kerenn, dan aplikasi ini ngebantu banget buat saya mencari lowongan kerja, mantap deh âœ¨",2023-01-22 16:00:33,0,
5,mar wiyah,"Terima kasih siapkerja, aplikasi nya membantu sekali untuk mencari lowongan kerja",2023-01-05 06:51:52,0,
5,Adellia 001,"Terimakasih siap kerja ,dengan adanya apk ini ,membantu saya mempermudah mencari lowongan kerja",2023-01-11 10:40:15,0,
5,Femi Nur azizah,Terima kasih aplikasi siapkerja. Sangat membantu saya mendapatkan info lowongan pekerjaan. Semoga kedepannya lebih baik lagi.,2022-12-25 05:52:01,1,
5,Dena Agustina,"Aplikasinya keren bngett, bagus bget buat temen-temen yg bingung buat cari pekerjaan",2023-01-18 08:52:03,0,
5,Vina Fatmawati Oktaviani,"Sebagai aku yang fresh graduate, apk nya sangat membantu sekali buat aku ya ng nyari kerja. Terima kasih SIAPkerja",2023-01-15 13:28:28,0,
5,Rio banu,"Aplikasinya sangat bagus, memberikan layanan yang sangat berguna untuk para pencari kerja",2023-01-16 11:03:33,0,
5,Zulfthmhr -,"Membantu sekali untuk para fresh graduated seperti aku yang belum punya kerjaan, terimakasih info lowongan terbarunya siap kerjağŸ‘ğŸ»ğŸ‘ğŸ»",2023-01-06 11:08:14,0,
5,Noor Khafifah,Aplikasi ini sangat membantu saya dalam mencari lowongan pekerjaan. Terima kasih siap kerjaaaa.,2023-01-16 11:54:50,0,
5,Nabila Nurshanya,Aplikasi SIAPkerja sangat membantu fresh graduate untuk mencari pekerjaan,2023-01-11 06:06:42,0,
5,Dinda Andriyani,"Aplikasinya sangat membantu Saya untuk menerima info lowongan kerja, makasih siappp kerjaa",2023-01-05 05:47:31,0,
5,Ratt Midd,Makasi banget ama aplikasi sekarang jauh lebih mudah cari lowongan pekerjan goog job aplikasinya,2023-01-05 05:11:24,0,
5,Meta Lara,Sangat membantu untuk mencari pekerjaan dan pelatihan kerja Yang sesuai,2022-10-31 00:14:14,9,
5,Stanislaus Danendra,"Membantu para pencari pekerjaan dengan mudah dan simpel, semoga semakin banyak lowongan kerja bagi temen-temen pencarian kerja",2023-01-17 07:18:19,0,
5,Amelia Huta,"Terima kasih SIAPkerja, aplikasi sangat membantu untuk mencari lowongan ğŸ‘",2023-01-17 03:08:29,2,
5,zakifai,"Sangat membantu dalam dunia kerja, bermanfaat, semoga bis terus berkembang",2023-01-18 13:28:17,0,
5,boim7,Aplikasinya bermanfaatğŸ‘ğŸ» fiturnya sangat membantu bagi para ketenagakerjaan,2023-01-22 21:59:30,0,
5,Dea Fitria,"Aplikasinya bermanfaat, membantu banget untuk aku yang lagi nyari pekerjaan, makasih siapkerjağŸ¥°",2023-01-17 06:43:45,0,
5,Salsabila Muklis,"Makasih banget buat info lowongannya, sangat bermanfaat dan ngebantu aku yang masih nyari kerja.",2023-01-16 09:47:42,0,
5,haikal,"aplikasi bagus bgttt, bener bener recomended untuk pejuang loker kaya ak, pokoknya bintang 100 untuk SIAPkerja ğŸ‘",2023-01-17 07:26:18,0,
5,Shendy Adhitama,"Aplikasi ini ngebantu banget buat aku yang lagi nyari kerja karena ada banyak info lowongan pekerjaan, Terimakasih aplikasi SIAPkerjağŸ‘",2023-01-11 10:36:41,0,
5,Melati Indah Sari,"Applikasinya bagus banget, banyak info lowongan kerja disini.",2022-12-23 03:53:04,0,
5,AidaW,Sangat berguna untuk pencari kerja yang tau informasi pelatihan dan kerja,2023-01-08 11:37:53,0,
5,Syafitra Adam,"Menambah wawasan untuk yang sedang mencari kerja, sangat membantu",2023-01-21 12:19:30,0,
5,R. Mugni Chairil Arbi,aplikasi yang sangat bermanfaat untuk mencari pekerjaan. memudahkan masyarakat mengakses pekerjaan yang ada di indonesia,2023-01-18 06:48:13,0,
5,raras anggi,Aplikasi yang sangat membantu untuk mencari pekerjaan dengan mudah di era digital.,2023-01-05 07:20:37,0,
5,Wiryo Eko,"Terimakasih sudah menyediakan aplikasi ini, membantu banget untuk aku yang belum punya kerjaan. Mantapp pokoknya...",2023-01-17 06:23:27,0,
5,Zahrah,"Disini banyak banget lowongan kerjanya, ngebantu banget sih buat aku yang beberapa bulan ini masih nganggur. Makasih SIAPkerja",2022-12-23 10:02:54,1,
5,FEERYAN FURQON AULIA,Aplikasi nya sangat membantu untuk menemukan informasi pekerjaan. Terus kembangkan untuk menuju Indonesia maju,2022-12-23 03:46:14,0,
5,Muhammad Syaif Aly,"Aplikasi nya simpel, banyak sekali lowongan yang tersedia",2023-01-11 08:18:05,0,
5,Juhri Menye,Aplikasi nya bagus banget dan setelah kita lulus langsung dapat kerja,2023-02-14 16:09:06,0,
5,asri aqwaliah,Aplikasi ini sangat membantu bagi para pencari kerja. Banyak fitur yang sangat membantu dan mudah diakses,2023-01-20 06:19:02,0,
5,Sofia Balqis Khoirunnisa,"Dengan tampilan yang mudah sekali untuk dipahami, aplikasi ini sangat membantu saya",2023-01-19 04:02:02,0,
5,Leni Marlina,Kalau jaringannya bagus langsung bisa ...tetapi kalau sedang susah jaringan bagaimana?,2023-03-24 22:48:30,0,
5,Farchan FP,Aplikasi ini sangat bermanfaat sekali bagi saya dn terutama bagi yang ingin mencari kerja,2023-01-22 16:13:06,0,
5,Rima Nuria K.S.S,"Terima kasih buat yang udah bkin aplikasi ini, karena membantu banget buat yang lagi nyari sampai dapet kerjaan.",2023-01-11 08:25:39,0,
5,Janna Almawa,"Terimakasih Siapkerja sudah membantu saya memdapatkan banyak lowongan kerja, bisa mengasah skill baru secara online good job",2023-01-15 13:38:55,0,
5,istisumardi paluppa,terima kasih SIAPkerja.. sangat membantu sekali buat saya yang masih jobless nemuin kerjaan yg sesuai skill,2023-01-08 09:22:01,0,
5,Mega Pertiwi,Aplikasinya sangat membantu untuk yang sedang mencari pekerjaan.,2023-01-16 07:59:05,0,
5,Adenta Bayu,aplikasi ini sangat membantu dalam mencari pekerjaan. penggunaannya juga sangat mudah,2023-01-20 08:10:56,0,
5,Yohanes Kwirinus Steviean,Aplikasi sangat bagus dan bermanfaat dalam membantu pekerja.,2023-01-20 08:14:15,0,
5,Hani Aprilliani,Senang banget pake aplikasi SIAPkerja ini. Memudahkan kita yang sulit cari kerjaan. Pokoknya aplikasi ini membantu bangetğŸ¤©,2023-01-05 06:51:26,0,
5,KittySeoul3,"Paket komplit banget, buat aku yg lagi ningkatin skill siap kerja juga. Thanks Siap Kerja ğŸ‘",2023-01-16 07:34:28,0,
5,Rudi Herwanto,Aplikasi yg sgt bermanfaat... Terutama bagi yg sedang cari pekerjaan.. Good job kemnaker,2023-01-21 07:39:22,0,
5,Edi Setiono,"Sangat bermanfaat bagi pencari kerja, ngurus kartu kerja ga pakek ribet.",2023-11-17 12:30:10,0,
5,Hafid Effendi,"aplikasinya kok susah sekali masuknya...cuma loading aja, sudah waktunya klaim KPJ yg kedua",2024-05-05 05:51:31,36,
5,Umi Mutamima,"apk siap kerja ini membantu banget bagi aku,pokonya rekomended deh buat kaliann installl dijamin ga nyesel disini banyak lowongan pekerjaan pula.",2023-01-11 10:33:38,0,
5,Shelbyna Revania Ramda Saragih,"good job buat apknya,banyak lowongan kerja terus apknya jg membaantu saya untuk nyari kerjaan",2023-01-11 10:50:15,0,
5,Ivan Adistawama P,Heran sama yg kasih rating jelek ini beneran bermasalah apa dianya yg gk ngerti makenya ya??? Saya fine2 aja tuh... Bisa login sampe lengkapin data diri,2024-01-10 12:37:52,2,
5,TOTO TAUFIK HIDAYAT,"Daftar atau buat akun dari web dan ikuti petunjuk selanjutnya ,kalau sudah verifkasi lanjut login di aplikasi begitu prosedurnya kawan semoga bermanfa'at, kalau belom paham silahkan lihat tutorialnya di youtube.",2023-06-20 12:01:13,0,
5,Mutiara Azzahra,"Makasih info lowongan nya, membantu banget buat aku yang lagi susah nyari kerjaa. Emang terbaik banget. Terimakasih siap kerjaa",2023-01-06 09:09:11,0,
5,Desi Kartika,Akhirnya aku nemuin aplikasi buat cari loker juga makasih siap kerja udah bantu aku buat mencari pekerjaan,2022-12-21 17:11:48,1,
5,Isnaini Nur Rohmatun,"Recommended banget buat yang lagi nyari lowongan pekerjaan, terima kasih siapkerja",2023-01-05 06:10:05,0,
5,Riska Maulaya,"Thank you, aplikasi ini sangat memudahkan buat aku yang lagi nyari lowongan pekerjaan",2023-01-18 03:09:11,0,
5,Gina Amalia,"Siapkerja bener"" ngebantu bgt buat nyari tau lowongan yg sesuai sm kebutuhanku, makasihh siapkerja ğŸ‘",2022-12-21 15:11:05,0,
5,kim wojin,Berkat aplikasi ini saya mengetahui lowongan kerja dengan mudah dan cepat,2023-01-06 07:14:33,0,
5,Ridhallah Afkar,Aplikasi yang sangat mempermudah saya dalam bekerja dan tidak sulit untuk digunakan,2023-01-18 06:43:57,0,
5,Ali Akbar R,Aplikasi ini sangat membantu saya dalam mencari info lowongan kerja yang tersedia. Terima kasih aplikasi SIAPkerja,2023-01-19 15:32:50,0,
5,Arjun Sudrajat,"terimakasih infolowongannya,membantu banget untuk aku yang belum punya kerjaan,makasih siapkerjaa,recommend bgtt buat yang masih pusing nyari kerjaan",2023-01-05 05:59:39,0,
5,Tiara Fatimah,"apk yang sangat sangat membantu, terimakasih untuk info loker nyaaa^",2023-01-11 06:22:01,0,
5,Yuli Mulyani,Apk nya sangat membantu dalam mencari lowongan kerja..informatif juga. Terima kasih,2023-01-15 12:47:01,0,
5,Isnaini,"Yaallah terima kasih, alhamdulillah melalui aplikasi ini memudahkan saya untuk mencari pekerjaan. Setelah sekian bulan nganggur, sekarang sudah bekeeja di pabrik. Terima kasih banyak",2023-01-11 10:29:39,0,
5,Rangga aufa triady,Aplikasi sangat mudah di pahami dan mudah daftar kerja melalui aplikasi SIAP KERJA,2024-09-18 07:30:59,0,
5,Saiful Rahman,Melengkapi identitas saja selalu gagal!! kemitraan anda dengan ketenagakerjaan loh. Tolong di perbaiki.,2025-01-17 01:51:58,52,
5,Dewi Ratih,Sangat membantu dalam menambah ketrampilan dan membuka usaha bagi masyarakat. Semoga lebih ditingkatkan lagi kuotanya hingga menambah kesempatan bagi rakyat luas.,2024-07-17 02:19:00,0,
5,syeeeah,"aplikasii nya sangat baguss,membantu saya bangettt pokonya rekomendedd dehh buat di downloadd",2023-01-15 02:39:06,0,
5,Agus Waluyo,"Sangat2 membantu sekali bgi kaum yg sdh kena phk,dan ada lowongan pekerjaan juga sesuai daerah.good is the best siap kerja.dan smga ke depan y siapkerja lbh2. Membantu lg kaum yg kena phk/blm bekerja.ğŸŒŸğŸŒŸğŸŒŸğŸŒŸğŸŒŸğŸ‘ğŸ‘ğŸ‘ğŸ‘ğŸ‘ğŸ˜‡",2022-11-11 17:35:55,0,
5,bayangan kelana88,Setelah update kenapa jadi lelet dan untuk Selvi wajah pun sering ber ulang ulang,2025-01-06 23:31:50,7,
5,Abdul Rohman,"terimakasih info lowongannya siap kerja, sangat banget membantu aku dan tementemen yang belum punya pekerjaan.",2023-01-15 13:37:07,0,
5,Refky mahaputra,"Nyaman tapi ya sudahlah mungkin sudah jalannya, namanya juga sistem yakanâœï¸",2024-06-08 20:29:01,6,
5,Tiara Arum,"Terimakasih apk ini sangat membantu bagi para pencari info loker, siap kerjaa",2022-12-24 00:58:59,0,
5,Citra zaskiah Anugerah,Wah aplikasi nya sangat bagus dan membantu aku dalam mencari kerja. Makasih banyak,2022-12-23 02:45:39,0,
5,Nur rochman,"mohon maaf sebelumnya untuk bapak/ibu ,bantuan BSU dari pemerintah apakah adil untuk yg pekerja yg tidak ada BPJS ketenagakerjaan, saya terutama ingin sekali dapat dari perusahaan yg saya kerjakan, tpi mau gimana lagi kenyataannya perusahaan tidak ada BPJS ketenagakerjaanya dapat uang makan aja nggak, gaji 1,5-2 juta padahal sudah PT, PKWT aja gk dapat, bukannya saya ingin banget dapat bantuan seenggak bantuan BSU dari pemerintah tepat sasaran dan yg sangat membutuhkan terimakasih",2025-05-26 16:18:29,0,
5,agustinus suratno,"Mantap, sangattt berguna untuk saya dan aplikasinya sangat mudah digunakan",2023-01-20 05:07:24,0,
5,Renanda Intan,aplikasi ini ngebantu aku banget buat cari informasi lowongan pekerjaan. makasih siapkerja ğŸ‘,2023-01-08 09:18:36,0,
5,Meutia Azzahra Fauzi,kerenn aplikasi. bisa banget buat yang mau cari cari lowongan pekerjaan,2023-01-20 10:26:13,0,
5,Ardhynal VH,pdahal udah ajukan klaim ke 3 tp tidak cair2... malah ada tampilan belum ikut kepesertaan jkp,2025-05-15 05:19:05,1,
5,Regita Hutagalung,"Makasiiih SIAPkerja, aplikasinya membantu banget untuk fresh graduateğŸ™",2022-12-22 03:36:05,0,
5,fitri istiqomah,"Thankyou, apknya sangat membantu sekali. Banyak info"" loker teupdate.",2022-12-21 15:23:36,0,
5,Neng Lucky,Ini aplikasi ngebantu banget buat kita para jobseeker buat nyari info info lowongan kerja,2023-01-17 13:10:49,0,
5,Arin Auliani Hamel,aplikasinya sangat bagus dan membantu untuk mencari kerja,2023-01-23 10:28:30,0,
5,Aulia Darojatun,aplikasinya membantu bgt buat aku yg fresh graduate yg lagi nyari kerjaaa tengkyuuu,2023-01-11 10:32:53,0,
5,jiraya,lama dan tidak membantu apapun. belum ada manfaatnya dan hanya sebatas aplikasi saja ya.,2025-06-13 05:44:19,0,
5,Carissa Andina,aplikasi yg membantu bgt untuk aku buat nyari lowongan pekerjaanğŸ‘ğŸ»,2023-01-17 05:02:20,0,
5,novia a,"Alhamdulillah ada aplikasi yang terpercaya buat nyari lowongan kerja, terima kasih. Lagi nunggu hasil interview nih min, doain yağŸ˜",2023-01-06 09:03:21,0,
5,silmi aulia,Aplikasi ini sangat membantu banyak orang untyk mencari lowongan pekerjaan,2023-01-24 11:53:53,0,
5,Dinda Rahma,Apk ini sangat membantu sekali untuk pencaker yg sedang mencari pekerjaan ğŸ‘,2023-01-17 05:05:27,0,
5,thufaillah ulfah,Aplikasi siap kerja ini sangat membantu dan bermanfaattt!,2023-01-22 14:09:35,0,
5,Anjas Mara,"meski bangak orang yang yang menilai aplikasi ini buruk,tapi dapat memudahkan untuk mencari loker..",2024-06-27 15:52:45,0,
5,Hilyana Rahma,"Banyak lowongannya, tampilan aplikasi juga bagus",2023-01-08 08:56:52,0,
5,Mutia Zalfa,"Banyak banget info lowongannya disini, sangat terbantu",2023-01-17 08:53:58,0,
5,irfan fauzi,Aplikasi SIAPkerja sangat berguna bagi temen temen yang nantinya siap untuk mencari kerja,2023-01-24 15:20:37,0,
5,choirun nisa,membantu banget buat aku si fresh gradution yang lagi nyari lowongan!,2023-01-17 07:40:20,0,
5,nana stronsium,"Terima kasih info lowongannya, bener-bener membantu banget untuk aku yang belum punya kerjaan. Makasih siapkerja udah sangat memudahkan saya untuk mencari pekerjaan",2023-01-18 05:07:50,0,
5,Siti Tarwiah,"makasi info lokernyaa, membantu saya banget untuk yang lagi nyari kerja, terimakasih siapkerja",2023-01-06 07:19:24,0,
5,Ahmad Hazel,Suka banget dengan kehadiran apk ini ngebantu banget buat kerja nantii,2023-01-18 13:08:52,0,
5,ebi,aplikasinya keren banget membantu saya mencari referensi pekerjaanğŸ¤©,2023-01-24 10:58:03,0,
5,Arizal Mauludin,proses daftar masuknya lama loading terus lama bgt admin gimana nie,2023-03-16 08:38:22,1,
5,Linda Oktaviani,"Sangat bagus, banyak fitur yang memudahkan untuk mencari pekerjaan di aplikasi ini.",2023-01-22 12:05:35,0,
5,Nur Indawati,"Udah lama nganggur, Terimakasih siap kerja, dengan apk ini bisa membantu dlm cari kerja!!",2022-12-23 02:26:14,0,
5,eca ca,terima kasih siapkerja dengan aplikasi memudahkan saya untuk mencari lowongan kerja,2023-01-17 04:52:42,0,
5,Sephia Septiani,aplikasi ini cocok banget buat kalian lagi nyari lowongan kerja. banyak info lowongan kerja disini,2023-01-05 07:19:32,0,
5,Fedi Febiyan Risqi,"Aplikasi ini sangat direkomendasikan untuk tujuan dapat memberikan pelayanan terbaik kepada masyarakat, pencari kerja, serikat, buruh dan perusahaan ataupun instansi yang berkaitan dengan ketenaga kerjaan yang disertai fitur-fitur canggihnya. Sehingga ini membuat saya siap akan masuk di dunia kerja nantinya, semoga SIAPkerja dapat terus melakukan upgrade terhadap fitur-fitur yang ada",2023-01-19 06:24:16,0,
5,ai na,"terima kasih siapkerja, membantu dalam informasi lowongan kerja banget sih jadi memudahkan para pencari kerja",2023-01-05 08:23:16,0,
5,SITI SALAMAH,Alhamdulillah dengan klaim JKP sangat bermanfaat dan semoga menjadi lebih baik lagi,2025-06-29 06:25:48,0,
5,Arjuna Wicaksono,Tolong Ditingkat kan Aplikasinya Lagi Masalah Untuk mengisi biodata Itu sulit sekali,2023-06-14 05:48:19,1,
5,GLADYS ARIA KRISNA ALOEVERA,"makasih bangett atas adanya aplikasi ini sumpah membantu aku banget dalam mencari pekerjaan, terimakasih siapkerjaa",2023-01-05 12:14:00,0,
5,Monika Putri,"Aplikasi yang sangat bermanfaat untuk tenaga kerja dan aplikasi seperti ini harus terus dikembangkan, terimakasih SIAPkerjaaa",2023-01-15 03:55:29,0,
5,Rakha Malio,"membantu banget buat cari info lowongan kerja, thankyou SIAPKerja!",2023-01-06 08:10:46,0,
5,Fema Hasika,Aplikasinya sangat bermanfaat da informatif! #zessica_adkesmah,2023-01-22 14:43:14,3,
5,2A_10_Liliyani Amalia,"Terimakasih info lowongan nya, bermanfaat banget buat aku yang lagi cari pekerjaan",2023-01-18 03:28:04,0,
5,Je Ry,kok g bisa dibuka ya aplikasinya mentok ditampilan aja,2025-05-24 06:40:25,0,
5,Salsa Aulia Rossyana,"aplikasinya keren bisa bantu aku yang belum dapet kerja, terima kasih siap kerjağŸ‘",2023-01-23 13:40:28,0,
5,Alvian Katiwanda,"Aplikasi siap kerja Sangat bermanfaat untuk seluruh buruh di Indonesia untuk prosfek & jenjang karir kedepannya, semakin hebat Kemenaker RI",2025-05-05 08:30:42,0,
5,sugeng mukti,kenapa app tdk bisa dibuka .... sesudah 2 x pencairan,2025-05-13 02:23:21,0,
5,Yudhi,untuk manfaat tunai ke 6 harusnya di info ada penundaan 3 minggu agar user tidak kebingungan,2025-06-16 05:19:28,1,
5,KIRMAN Channel,"jkp memang apk yg sangat luar biasa mantap, bagus ğŸ‘",2025-06-22 09:59:21,0,
5,Marcel Infinix,saya penting dengan aplikasi ini.saya udah berhenti dari perusahan.saya bingung cara mengurus uang PHK.,2025-05-29 23:59:50,0,
5,Hilmy Rifq,Aplikasinya memiliki fitur-fitur yang lengkap dan menarik,2023-01-19 09:47:58,0,
5,Viichie,Aplikasi lelet sama kek kerja DPR,2025-05-19 06:04:04,0,
5,srie mulyani,Aplikasi yang sangat bagus..sangat membantu untuk cari kerja,2023-01-23 07:46:43,0,
5,Syifa Syahirah Yusuf,"Terima kasih buat info lowongannya, sangat membantu untuk mencari pekerjaanğŸ‘ğŸ»",2023-01-17 05:08:58,0,
5,Aprilia,Terimakasih atas infoÂ² lowongannya. Sangat berguna sekali bagi fresh graduate seperti sayağŸ™,2023-01-11 10:41:11,0,
5,FIKI Sobarkah,"Kenapa tidak bisa login ,padhal email sama password udah benar ka",2023-01-18 13:43:09,0,
5,julena julena,aplikasi ini sangat membantu mencari kerja. saya dari perantauan mencari kerja di sini,2025-04-05 00:41:23,1,
5,Rizky Siti Anugrah,"Terima kasih siapkerja, sangat membantu untuk aku yang lagi mencari pekerjaan, banyak info lowongan yang bisa aku apply di sini",2023-01-11 08:41:40,0,
5,kartika,Thanks siapkerja!! Lumayan banget dapet info lowongan,2022-12-23 03:47:44,0,
5,Rilex water,bagus tapi sering lemot hp sayah,2025-05-23 15:27:16,1,
5,Aang Jole,"Sangat membantu sekali, mempermudah orang yang lagi cari kerja terimakasih",2023-01-20 06:15:21,0,
5,Agung Darmawan,Aplikasi yang sangat bermanfaat dan juga mudah untuk digunakanğŸ‘,2023-01-24 11:55:47,0,
5,maudy andea,"Sangat membantu aku yg baru lulus kuliah nihh, terimakasih info lowongan kerjanya ğŸ˜",2022-12-21 15:34:30,0,
5,Ihsan Nuari,"Sekian lama nganggur, akhirnya bisa dapet kerja. Terimakasih SIAPkerja, ngebantu banget..",2023-01-08 09:36:19,0,
5,M. Raihan Alghani,sangat bermanfaat untuk para lulusan yg ingin mencari kerja,2023-01-19 13:04:24,0,
5,Mae_ Sarah,"Keren, mudah digunakan dan kebutuhan akan pelatihan dan pekerjaan ada di sini yg pasti terpercaya.",2023-07-29 22:48:45,0,
5,James,"makasih siapkerjaa, ngebantu bgt buat aku yg blm kerja dan lg nyari lowongan",2022-12-21 15:09:54,0,
5,Sasa,"Terima kasih info lowongannya ,sangat membantu sekali bagi saya,semoga cepat dapat pekerjaan.",2023-01-06 09:07:52,0,
5,your merchandise,"Thanks SIAPkerja, memudahkan banget untuk kita yg lagi cari pekerjaan",2023-01-17 06:26:58,0,
5,Jual Minuman Hangat,penggunaan aplikasinya cukup baik menurut saya dan tidak ribet,2025-03-06 04:07:44,0,
5,dinda syarofah,aplikasi yang keren membantu saya mencari lowongan pekerjaanğŸ‘ğŸ¼,2022-12-22 00:41:37,0,
5,Gio Alfarizi,Sangat membantu untuk bekerja,2025-03-30 05:58:02,0,
5,Julia Atika,"Ngebantu bgt, buat aku yang nyari-nyari lowongan, semoga ada yang keterima, terimakasih siap kerja.",2023-01-08 09:26:11,0,
5,Abd.hamid Hamid,benar-benar ada atau nyata dan terbukti,2025-06-01 22:28:48,0,
5,Firda Rizqiah,Terimakasih informasi lowongan pekerjaannya terpercaya dan sangat membantu ğŸ‘,2023-01-11 07:20:25,0,
5,Sisca,"thankyou informasi lowowongannya, sangat membantu banget buat aku yang freshgraduateğŸ™",2023-01-11 05:50:10,0,
5,Indah Trimulyani,sangat membantu dan efisien ğŸ™,2025-05-30 05:40:54,0,
5,Den Tata,"Baru gabung di siap kerja, membantu sekali buat aku yang siap kerja tp belum memiliki pekerjaan, terimakasih siap kerja,",2023-01-06 06:29:48,0,
5,Lyrin Louren,"aplikasi sampah,servernya time out mulu",2025-05-14 06:35:55,0,
5,Ririn Novita,Aplikasi yang sangat membantu bagi para pencari kerja,2023-01-17 08:30:58,0,
5,Had minah,"Aplikasi ini sangat membantu banget untuk aku yang pengangguran, terimakasih siapkerja",2022-12-22 01:20:22,0,
5,Bagus Rink,Mengikuti pelatihan kerja secara gratis.. sangat membantu.,2024-05-14 12:42:01,1,
5,Asep Setiawan,"Bagus aplikasi nya,, cuma trkdang akun suka eror mendadak apa itu dari sana nya.. trimaksihğŸ¤",2024-03-14 14:48:15,0,
5,Dewi Farrel,Terimakasih info lowongannya...bener2 sangat membantu sekali,2023-01-06 06:43:49,0,
5,Indah Kurniawan,"Bagus, membantu sekali untuk para pencari kerja",2025-01-19 01:24:12,0,
5,arunika Nch,informasi lowongan kerja nya sangat bermanfaat. terimakasih,2022-12-23 03:05:13,0,
5,Takhlisyya Millanurgina,"Terimakasih info lowongannya ,membantu banget untuk aku yang belum punya kerjaan",2023-01-06 08:41:35,0,
5,Arasha F3,"Aplikasi ny bagus, membantu sekali buat saya yang belum punya kerja",2023-01-08 09:17:34,0,
5,Indra yani,Terima kasih info lokernya. Sangat membantu para fresh graduate seperti saya.,2023-01-05 07:11:55,0,
5,niko khoirurizal,aplikasinya mudah digunakan dan sangat membantu,2022-12-27 09:34:16,0,
5,Mardi UYE,Info lowongannya sangat membantu banget untuk aku yang belum punya kerjaan makasih siap kerja,2023-01-18 06:45:31,0,
5,Amel Lia,ni kenapa cari loker memuat terus g biasa kaya gini,2025-06-24 09:43:40,0,
5,Mawar Datul,sangat seruu dan informatif !,2024-08-14 01:06:28,0,
5,Maria Citra,Membantu banget buat aku yg belum dapet kerja. Terimakasih info lowongannya ğŸ™,2023-01-05 06:09:13,0,
5,Delva Noviani,"Terimakasih siapkerja, udah bantu buat pencari loker kaya aku ğŸ‘Œ",2023-01-05 05:53:22,0,
5,Bayu Saptadi,"sangat menolong sekali untuk saya yg kena phk dri februari , thks bpjs jkp",2025-07-14 05:39:20,0,
5,salva fauziah,"Terimakasih info lowongan nya,sangat bermanfaat buat para jobseeker ğŸ™",2023-01-18 02:37:49,0,
5,Abdahamila Alkhaira,"Terima kasih SIAPkerja, sangat bermanfaat bagi yg butuh lowongan",2023-01-05 07:37:52,0,
5,Rachmaddi,"Kepada Tim JKP ysh. Sudah 5 hari ini mulai tgl 11 Juli s.d. 15 Juli 2024, ketika Upload file Surat Lamaran Kerja dgn kapasitas 503,6 Kb (maksimal 5 MB) tidak bisa naik data filenya, padahal deadline Misi sekarang tinggal 14 hari lagi. Mohon info dan segera di perbaiki mulai dari sekarang. Terima kasih dan di tunggu atas tindak lanjutnya dari para tim JKP. Sehat2 selalu. Aamiin.",2024-07-15 00:37:24,0,
5,ayu setiawati,"makasi info lowongan nya, berguna banget buat yg lagi cari"" info lowongan",2023-01-05 06:54:08,0,
5,Bahri Bahri,"Bagus,tapi kanapa susah masuk kan data diri saya sih,,",2023-08-09 00:30:02,0,
5,Anindya Saraswati (Anin),Aplikasinya membantu saya mencari pekerjaan. terima kasih,2023-01-11 07:08:09,0,
5,Khansa Fitri Zhafirah,"Aplikasinya bagus dan sangat membantu, keren bgtt",2023-01-24 11:21:06,0,
5,Elfa Yani,"Terima kasih info lowongan nya, sangat membantu dalam mencari kerja",2023-01-06 08:21:29,0,
5,AFANDI OFFICIAL,sangat membantu dalam mencari kerjaan,2023-01-11 09:53:10,0,
5,Sely Bfdl,"Tolong saya akun saya tidak bisa terbuka, lupa sandi, nomor hp tidak terpakai, email tidak terpakai",2024-12-12 01:13:35,0,
5,Erna Wati,Kerenn aplikasinya membantu banget buat cari info kerja,2023-01-08 09:17:11,0,
5,Arifki Muhamad,aplikasi yang sangat bagus tentunya banyak sekali manfaatnya ğŸ˜†,2023-01-24 13:03:45,0,
5,Nuna Baabud,Aplikasi yang sangat membantu saya mendapat info lowongan pekerjaan,2023-01-15 13:07:38,0,
5,Desy Miarti,"makasih siapkerjaa, untuk aku yg lagi nyari kerja aplikasi ini bantu banget sih",2023-01-08 09:24:20,0,
5,Giansya Marsya,"Terima kasih SIAPkerja, ini menolong banget buat cari kerjaan.",2022-12-23 02:35:27,0,
5,salsabilla,"bermanfaat banget buat aku yg lagi cari kerja, makasih banyak siapkerja",2023-01-06 06:21:05,0,
5,Lisna Wati,Aplikasi ini sangat membantu untuk mencari pekerjaan,2023-02-21 17:23:15,0,
5,Nanda Duha,Mantap. Aplikasi sangat membantu dan memudahkan pengguna,2023-01-24 12:09:06,0,
5,X2_0152_Dea Febriana,Aplikasinya sungguh bermanfaat bagi para pencari kerja. Terimakasih SIAPkerja telah memberi kemudahan bagi masyarakatğŸ‘,2023-01-24 11:35:34,0,
5,Edy Kuncoro,Aplikasi ini sangat membantu saya mencari dalam pekerjaan.,2022-12-25 13:55:36,0,
5,Vinna Permata Sari,Apk ini sangat membantu untuk mencari pekerjaan,2022-12-22 01:25:34,0,
5,Arsy Ilahi,Bagus aplikasinya.. mempermudah pendaftaran siap kerja,2024-06-11 08:37:29,0,
5,iqoh rofiqoh,terimakasih info lowongannya sangat membantu sekali,2023-01-06 08:34:14,0,
5,Vaylin Jasmine,Aplikasinya ngebantu banget buat cari kerja,2023-01-11 10:58:00,0,
5,Christin Natalia,"makasih info kerjaan nyaa min, aplikasi nya membantu bangett",2023-01-11 05:59:29,0,
5,Khalisa O,Pas banget buat IRT kaya aku yang lagi cari kerja. Semangat semuanya.,2023-01-16 06:39:34,0,
5,Andi Alvito Dioka Putra,"Aplikasi nya sangat bagus, dan memudahkan penggunanya",2022-12-22 08:38:16,0,
5,Satria Ardana,Recomended banget apk nya buat fresh graduate buat nyari kerja,2023-01-05 05:39:29,0,
5,Indra Permana,aplikasinya keren bangettt dan sangat membantu,2023-01-24 11:58:50,0,
5,Sarah Novita,Terimakasih SIAPkerja membantu banget buat aku yang lagi mencari pekerjaan,2023-01-17 08:16:19,0,
5,05_Amanda putri,"Bagus banget, sangat membantu untuk aku yang belum punya pekerjaan",2023-01-11 10:06:37,0,
5,Nugra Heni,"aplikasi ini membantu banget buat aku yang belum punya kerjaan, thank you SIAPkerjağŸ¤©",2023-01-11 06:47:58,0,
5,Azhar Faisal,Aplikasi yg sangat membantu untuk pencaker seperti saya. Terimakasih banyak,2023-01-19 06:29:20,0,
5,Yahya Anak4,Makasih banyak berkat aplikasi ini saya bisa di terima kerja membantu banget,2023-01-11 07:55:51,0,
5,Garyn Sidharta,Sangat membantu untuk cari kerja,2023-01-06 07:08:42,0,
5,Mae e,Terimakasih info lowongannya sangat membantu untuk aku yang lagi nyari kerja,2022-12-23 04:08:50,0,
5,Hadi Mulia,ini sangat bernanfaat dan top markotop,2023-01-18 03:47:19,0,
5,73_ Revalia Sheva Damayanti,Wah keren nih gan bantu banget buat aku yang belum punya kerja,2023-01-11 10:31:34,0,
5,Agnes V,"terimakasih siap kerja untuk info lowongan kerjanya, sangat membantu para pekerja",2022-12-21 16:52:25,0,
5,Yelsiratu Rahmatsari,Aplikasi ini bagus bnget.Membantu banget buat aku nyari kerja Makasihh,2023-01-18 03:24:44,0,
5,Anugrah Hendrico Putra Alfain,terima kasih sekali siapkerja aplikasi sangat membantu,2022-12-22 04:01:45,0,
5,Fahry Fahrezi,"Terimakasih banget buat lowongannya, semoga diaplikasi ini saya segera mendapatkan pekerjaan.",2023-01-06 09:12:49,0,
5,Raihan Fadhilah,"Aplikasinya sangat membantu sekali, banyak manfaatnya",2023-01-18 13:07:39,0,
5,rehan jovi,terimakasih siap kerjaa berkat ini aku jadi kebantu bgt soalnya blm ada pekerjaan,2022-12-21 16:32:23,0,
5,Dava Mahendra,Terima kasih buat SIAPkerja udh membantu mencari info lowongan kerja buat aku yang belum kerja. Keren banget ğŸ‘,2022-12-21 16:59:44,0,
5,Zhilal. r_zn,sangat membantu dan menambah informasi,2023-01-23 07:14:14,0,
5,Nursiwan,"Thanks infomasi lowongannya,sangat membantu cari cari lowongan tanpa harus keliling jalan nyari loker wkwk",2023-01-18 03:25:57,0,
5,Ara,aplikasi sangat membantu untuk aku yg lagi cari kerja,2023-01-08 09:23:24,0,
5,Irwan Hermawan,"Mantap banyak bngt info lowongan kerja,membantu banget buat cari info kerja",2023-01-08 09:02:38,0,
5,Adisti Fajriah,"Terimakasih siap kerja, atas info lowongan nyağŸ™Œ",2023-01-11 06:38:03,0,
5,Maya di,Jaman sudah berubah ke arah dunia digital serba cepat,2023-03-31 10:15:48,0,
5,sasa,"Terima kasih siap kerja, sangat membantu sekali buat nyari info tentang lowongan kerja",2023-01-08 09:22:51,0,
5,Scarlet Anabella,Ngebantu bgt buat aku dapet pekerjaan.. app debest!,2022-12-21 15:17:45,0,
5,Rahmatia Tahir,"Cukup bagus, ditunggu update selanjutnya.",2022-12-29 01:30:03,0,
5,Abdan Rofi,"Aplikasi ini sangat membantu sekali,sangat direkomendasikan",2023-01-22 13:51:31,0,
5,Mas Andriansyah,"Terimakasih banget pemerintah aplikasi ini, berkat ini saya bisa buka usaha good job",2023-12-15 05:47:15,1,
5,Dedih Mulyadi,"Bagus,sangat berguna bagi buruh,yang aktif maupun sudah tidak aktif",2025-01-05 00:37:39,0,
5,Egi Rianto Seputra,Siap Kerja membantu saya untuk melihat info info loker dan membantu saya mendpaatkan pekerjaan,2023-01-06 07:22:04,0,
5,vinai,Membantu banget untuk aku yang belum kerja punya kerjaan untuk cari info lowongan kerja. Terima kasih siap kerja.,2023-01-18 02:33:58,0,
5,Fikri Lorenzo,Sangat membantu bagi yg kehilangan pekerjaan,2023-06-10 12:39:29,0,
5,Fian Sajo,"Sangat berguna sekali, dan juga banyak membantu.",2024-02-27 06:34:10,0,
5,Ghifar Aldi,Informasi sangat detail dan word It,2023-08-29 14:28:30,0,
5,GM Cibeber Raffauadz,"Mudah, mantap n transfaran",2023-12-14 12:18:33,1,
5,Dara Claudia,Mantap. Terimakasih programnya membantu sekali,2023-09-29 12:29:49,0,
5,Kiki Rizki,Sudah pencairan klaim Jkp ada banyak lowongann pelatihan yg terpenting ga ada biaya,2023-06-22 22:41:40,0,
5,Santi Sholihat,Berguna untuk program mencari kerja,2024-02-18 03:36:27,0,
5,Pian Syaripudin,Tolong kasihani kami Sudah 4 bulan menganggur gak ada pemasukan cari kerja belum juga dapat,2023-03-22 12:03:26,0,
5,Gawok Wibowo,Saya kasi bintang 5 Tapi kenapa kode otp tidak saya dapat bolak balik saya kirim blm jg saya dapatkan,2023-06-20 04:46:22,0,
5,Riyani Yasari,Sangat bermanfaat menambah wawasan dan ilmu pengetahuan sebagai modal kerja atau usaha.,2024-07-11 01:31:08,0,
5,DROID MEDIA,Min tolong perbaiki siap kerja lagi error...,2024-05-19 13:37:45,0,
5,Heti Susanti,"Kami sangat puas dan bermanfaat sekali , terimakasihğŸ™",2024-06-27 11:58:46,0,
5,Muhammad Sanz,Ka ini saya asesmen koq lama bgt nya hasil nya ya.. ini udah klaim manfaat tp blm masuk ke rekening,2024-03-05 03:51:37,0,
5,Muchtar Ali,"Aplikasinya baik, berisi informasi & menyediakan bantuan bantuan UMKM serta memberikan kesempatan kerja yang akurat.. semoga dapat terus berinovasi dan terus memberi manfaat ğŸ‘ğŸ‘ğŸ‘",2023-10-26 07:04:13,0,
5,Novia Anggi,Terima kasih info lowongan kerjanya sangat membantu saya untuk mencari pekerjaanğŸ¥°,2023-01-16 04:18:06,0,
5,Johanis Naeng,Pas banget buat yang mau cari jerja habis lulus dan yang mau kuliah sambil kerja,2023-01-17 05:00:58,0,
5,Mai Sumarna,"Kenapa ya mau ngisi alamat domisili malah kecamatan tempat tinggal kita tidak ada,, gimana caranya agar bisa ada",2023-01-04 03:23:42,0,
5,Handriyan Hudayat,Alhamdulillah aplikasi dapat membantu pekerja yang di phk,2024-08-27 11:01:35,0,
5,Irwan Cahyono,Applikasinya bagus dan sangat bermanfaat.,2024-06-25 04:38:00,0,
5,Nurul Hasanah,"Aplikasi yg sangat bermaafaat banget ini, thnk u",2023-01-05 07:27:49,0,
5,Kongs_stya Chanel,Mohon pelayanan lewat aplikasi ditingkatkan dan cepat respon di bagian lapor phk # setelah upload file kok loop 0,2023-01-21 08:13:50,0,
5,Rahman vhya,"Terimah kasih BLK, atas segala ilmu yg di berikan selama pelatihan servis sepeda motor sistem injeksi d tahun 2024 ini",2024-11-29 05:28:26,0,
5,nanaaa,membantu bangett apkny buat yg lagi cari kerjaaa ğŸ‘ğŸ‘,2023-01-11 10:38:40,0,
5,Miftah Nuha,"aplikasi cukup membantuu, terimakasih SIAPkerja :D",2023-01-19 12:00:41,0,
5,miaa ameliaa,Membantu banget buat aku yang belum punya kerjaan karna banyak lowongan disini,2023-01-17 07:41:02,0,
5,laveoses,membantu banget buat orang yang belum dapet kerja. makasih siapkerjaa,2022-12-22 03:51:56,0,
5,Bambang Haryantho Djafar,"makasih, aplikasinya suangad mudah & membantu",2024-06-04 01:03:45,0,
5,supai supai,Tolong donk kode OTP riset password itu kirimkan ke email saja karna kebanyakan kasus orang kehilangan nomer hp atau kartu telah rusak,2024-06-30 05:16:34,0,
5,subekti Setya kurniawan,Banyak info seputar lowongan kerja disini,2023-01-05 05:59:50,0,
5,Mira Marsalina,Makasih siap kerja aplikasinya memudahkan aku untuk dapet kerja,2023-01-18 03:31:34,0,
5,iklima alnawawi,Terima kasih sangat memudahkan saya dalam mencari informasi lowongan pekerjaanğŸ‘,2023-01-11 10:39:40,0,
5,sheadarie rsb,aplikasi lebih di tingkatkan,2025-06-03 23:21:25,0,
5,Sabrina Putri,aplikasinya baguss bntu aku bgtt buatt aku yg belom dapat kerjaa,2023-01-08 09:20:12,0,
5,Windy Dinata,Makasih banget nih SIAPkerja jadi kebantu banget buat nyari kerja ğŸ‘,2023-01-11 10:34:37,0,
5,Trianto yayan,Swafotonya sulit. Tolong di perbaiki,2024-07-11 06:50:46,1,
5,Maria Jessica,Wahh keren aplikasinya! Membantu bgtt,2023-01-20 05:46:07,0,
5,Calestra Akselia Arundaya,"Terima kasih kemnaker... Saya jadi tidak perlu susah"" utk cari loker..",2023-01-21 07:35:06,0,
5,Jeslin Rombeallo,Aplikasinya sangat bagus dan sangat membantu,2022-12-21 09:43:10,0,
5,Ale,trimss info lowongan kerjanya sangat membantu bgt buat aku fg yang butuh pekerjaan,2022-12-21 15:26:06,0,
5,Anton Vivo,Mantap. Siap kerja berkualitas dan bermanfaat bagi Kuala muda indonesia,2024-06-28 06:25:46,0,
5,Cici Nurlatifah,"makasiih siap kerja, membantu banget buat aku yang belum punya pekerjaan",2023-01-06 06:23:52,0,
5,maharani beita,"Membantu cari kerja sesuai kriteria kita, sipp.",2022-12-25 08:24:22,0,
5,Putri juwita Firdaus,makasih info lowongan nya ngebantu bgt buat aku yg lagi cari kerjağŸ‘ğŸ»,2023-01-17 08:29:39,0,
5,Susanti Susi,bagus sekali aplikasi ny saya sgt senang mengunakan ny,2024-06-29 10:08:18,0,
5,Alya,Makasi buat informasi lowongan kerja membantu benget bust aku yg lagi nganggur di rumah,2023-01-15 14:14:24,0,
5,Shalsha Amorz,"Aplikasinya sangat membantu sekali, terima kasih",2023-01-20 05:34:22,0,
5,raden BT,Sejauh ini cukup bagus ..lebih tingkatkan lagi,2024-04-02 03:43:54,0,
5,Lora Berliani,Aplikasi yg mempermudah mencari kerjağŸ‘,2023-01-16 23:27:23,0,
5,Baiq rosa Anjani putri,"Thnks apk siap kerja, berguna bngt unk sy yg baru lulus",2023-01-11 08:44:50,0,
5,Agung Cahyadi,Terimakasih siapkerja sehingga aku bisa dapet kerjaan,2023-01-16 12:39:14,0,
5,Sintia Fitri,"Aplikasinya bgs bgttt ngebantu aku cari loker, Alhamdulillah hasill",2023-01-06 08:01:13,0,
5,M. Fathin Muyassar,"WOWOWOW APLIKASINYA BAGUS BANGET, SANGAT MEMBANTU UNTUK PARA PEKERJA PEMULA SEPERTI SAYA, SEMOGA APLIKASI INI DAPAT TERUS DIKEMBANGKAN AGAR MENJADI SEMAKIN BAIK LAGI",2023-01-15 05:40:30,0,
5,Rachi Food,Aplikasi ini membantu dalam mempersiapkan kita di dunia kerja,2023-01-11 09:19:36,0,
5,cii pun,terima kash info lowongannyaaa. membantu banget buat aku ynng muu kerjaaaâ˜ºâ˜º,2023-01-05 06:45:10,0,
5,mai 111,Makasih siapkerja atas info lowongan kerjanya,2023-01-17 07:43:10,0,
5,azka alif rizky,"Aplikasii bagus! serius sebagus ini, top deh !",2023-01-15 05:17:45,0,
5,Riyanto Riyanto,sangat membantu bagi ketenaga kerja indonesia,2023-04-24 19:36:38,0,
5,Edi Susilo,Program yg sangat baik dan bermanfaat,2024-05-05 03:32:29,0,
5,Yahya Akel,"Program ini sangat bermanfaat bagi semua masyarakat indonesia, ayo terus menjadi aplikasi nomor 1 agar menciptkan generasi calom pemimpin masa depan",2024-07-09 00:55:43,0,
5,Wandha Arthama,"Aplikasi nya bagus, worth it pokok nya",2023-01-06 06:20:48,0,
5,thon sulthoni,sangat bermanfaat dan luar biasa,2023-06-19 04:11:31,0,
5,Praja Ananda,Terima kasih SIAP KERJA membantu aku untuk mendapatkan pekerjaan,2023-01-06 09:05:32,0,
5,Suci Saleh Ali,Kenapa perangkatnya belum bisa dibuka,2023-11-29 04:42:20,1,
5,Jaya Santosa,bagus aplikasinya,2025-07-15 01:45:18,0,
5,Har Yudi,lancar sangat membantu,2025-06-30 02:09:40,0,
5,Isnanda Arrafena,Ngebantu aku banget buat dapet kerjaan huhu. Makasii banyak siapkerja,2023-01-16 08:25:49,0,
5,Junai Jk,cukup bagus permudah akses jkp,2025-05-14 06:04:55,0,
5,Wayan Sumiadnyana,di dlm pekerjaan semuanya berjalan baik,2024-10-22 11:07:58,0,
5,risgianti alya,"Terimakasih siap kerja, memudahkan saya untuk mencari pekerjaan",2023-01-11 10:52:49,0,
5,Putra sadega,aplikasi ini sangat sangat bagus,2025-05-19 08:40:47,0,
5,IPAN LBR,Terima ksih untuk dikarenakan telah memberikan ilmu yg bermanfaat,2024-04-30 12:02:24,0,
5,Rayhan Febriyan,Membantu banget untuk aku yang belum punya kerjaan Terima kasih siap kerja,2023-01-18 02:49:40,0,
5,Ais Tuti,aplikasi yg sangat penting,2025-05-21 05:56:36,0,
5,Yogi Iman,Ngebantu banget buat saya yg belum punya pekerjaan.. terimakasih. ğŸ™ğŸ»,2023-01-05 05:20:33,0,
5,Ina 78,Informasi sesuai dengan yang memberi inspirasi,2025-05-25 02:48:02,0,
5,Juari Ari,sangat memuaskan,2025-07-01 00:09:27,0,
5,Jonathan Marpaung,sangat membantu para pencari kerja,2023-01-24 12:42:43,0,
5,Liam Lowinski,"Aku bisa dapet pekerjaan impianku berkat SIAPkerja, terima kasih SIAPkerja ğŸ‘",2023-01-17 08:51:52,0,
5,Nana Suryana,Klaim bln ke 1 smpai bln ke 5 berhasil tgl nggu bln yg ke 6.,2023-10-26 14:54:50,0,
5,LUTHFI HARIYANTO,Sangat memudahkan dan membantu,2022-11-11 15:44:12,0,
5,Risa Susanti,Ayo dapatkan pekerjaan dengan mudah hanya dengan siap kerja Aku siap siap siap bekerja ğŸ’ªğŸ˜…,2025-06-06 05:56:40,0,
5,Yujly Muktavi,Aplikasinya sangat bagus dan bermanfaat,2023-01-18 13:35:11,0,
5,Zumi w,Banyak info lowongan kerja di siini huhu thankyou siapkerjağŸ˜„,2022-12-21 15:09:52,0,
5,Rian Adventure,Makasih siap kerja sangat membantu mencari info lowongan yang ada di lokasi saya,2022-12-25 13:20:56,0,
5,Riyanto Riyan,Kenapa saya tidak bisa masuk ke aplikasi siap kerja,2024-06-04 11:40:02,0,
5,Edi Hidayat,Lebih mudah bikin akun kerja mantapppp,2023-08-10 07:53:54,0,
5,DRAJAT ARYABIMA WICAKSONO,udah bener bagus ini,2025-03-24 19:59:13,0,
5,Teguh Himawan,sangat membantu sekali,2025-05-02 22:45:12,0,
5,Almah Suseno,Ini kok nggak bisa di buka app nya,2022-12-27 22:08:40,0,
5,Hakim Pau,sangat membatu ekonomi saya,2025-01-31 05:16:35,0,
5,Razka Thok,Makasih berguna banget info lokernya,2022-12-22 00:53:51,0,
5,Penius halawa,Saya sanggat puas Dengan apliksi Siap kerja Bisa membantu saya dalam Progrm klaim jkp Karena sya sudah PHK..Terimah kasih buat apliksi nya,2024-02-10 07:23:33,0,
5,Eva Nurkholipah,Mau tanya ini QR nya bisa digunakan untuk bikin kartu kuning,2022-11-02 08:58:37,0,
5,Abdul Naim Walangadi,"Nyesel yang gak ikut pelatihan di BBPVP medan ğŸ˜ semoga Sukses , terima kasih atas ilmunya ğŸ˜ğŸ˜ğŸ˜ğŸ˜ğŸ˜ğŸ˜ğŸ˜",2022-11-09 16:33:18,1,
5,Muhamad Saepi,"Buruan download aplikasi ini, dan nikmati hasilnya",2024-05-31 12:54:15,0,
5,guramah senju,Merubah nama lama banget nga jadi jadi mohon di percepat min,2023-05-22 09:20:02,0,
5,Aminudin Aminudin,Bermanfaat bagi pelaku usaha kecil yg membutuhkan penguatan usahanya.,2024-07-01 08:35:58,0,
5,Agus Perwira,"Semoga dengan ini bisa mudah saya mencari pekerjaan, Amiin",2022-12-24 13:47:10,0,
5,Eko Merdekawati,Mudah di pahami yuk semangat lagi yuk,2024-09-17 02:04:26,0,
5,Zenzen Zaenal,saya cinta sekali blk sangat bermanfaat pokoknya,2024-06-05 05:30:34,0,
5,Iftitah Naura Amaliah,Bagus dan sangat membantu.,2022-12-29 01:05:11,0,
5,M Rhofi,Alhamdulillah membantu sya yg baru kena phk,2024-03-18 18:08:55,0,
5,XI-1 M Alfath Azka A,sangat berguna bagi banyak kalangan di masyarakat,2023-01-24 03:59:12,0,
5,amelia fiany ahsan,Terimakasih siap kerja memudahkan saya untuk mencari pekerjaan,2023-01-15 13:10:22,0,
5,Maulana Luthfi Ghalib,Keren aplikasi ini sangat berguna buat saya,2023-01-19 11:31:54,0,
5,Imelda Rahayu,Aplikasinya bermanfaat sekali!!,2023-01-18 13:26:35,0,
5,Siska Setiawan,Terimakasih ada info lowongan kerja,2022-12-25 06:14:46,0,
5,Nining Lestari,Prosesnya cepat aman dan amanah,2023-10-11 02:38:25,0,
5,Nursinah,Aplikasi ini sangat berguna dan bermanfaat,2022-12-27 09:44:31,0,
5,Putra Fajar,Aplikasi ini sangat bagus dan berguna,2023-01-18 03:45:59,0,
5,Nana,Membantu banget untuk aku yang belum ada kerjaan..,2023-01-05 05:12:59,0,
5,28 rifki alhakima Putra,aplikasi yang sangat membantu,2023-01-24 11:49:39,0,
5,Neng Adem,Akun siap kerja sangat membatu,2023-02-12 02:55:22,0,
5,Sefi Alfiana,"Bagus,banyak ilmu yg d dapatkan,",2023-06-28 00:33:13,0,
5,Aliya humairo,Saya berpengalaman sebagai art (asisten rumah tangga),2023-01-23 13:12:37,0,
5,Nahak Emanuel,Saya bersyukur karena di tempat ini saya dapat banyak ilmu tentang ac,2023-04-04 03:30:27,0,
5,Djayusman Iskandar,Saya operator produksi mesin ring spining mengerjakan proses sliper menjadi benang,2023-11-20 02:43:11,0,
5,Piki Ramdani,Aplikasi ini sangat bagus sekali.,2023-01-18 13:17:00,0,
5,Debby Widya,Digital Marketing BLKI Aceh Utara mantap banget,2024-06-08 09:44:51,0,
5,NIZAL RENDRA,Sekarang ko lama loadingnya,2025-01-06 01:07:20,0,
5,Adelia Agustina,"Apknya kerenn banget, ngebantu bngett",2023-01-23 07:19:11,0,
5,muhammad fajar,Gooooood semoga dapet kerja jadi bawahannya mentri,2023-09-16 12:00:47,0,
5,vinnzzy,Alhamdulillah bisa membantu perekonomian,2023-09-26 13:28:01,0,
5,I Æ†2Ğ˜_NY,Tambahkan kustomisasi CV biar jelas nanti pas lamar kerja,2023-10-21 04:58:50,0,
5,Andriyanto,ga busa d buka macet,2023-06-20 20:10:45,0,
5,AL Saja,Aplikasi yang sangat bagus,2023-10-07 15:27:15,0,
5,Kang Parman,saya coba download lama banget,2024-10-08 15:13:51,0,
5,Neng Eni05,Sangat membantu saya yang sudah terkena PHK,2023-01-18 12:14:23,0,
5,hanis 23,Yeahhh manfaat nya luar biasa,2024-01-25 11:07:19,0,
5,Siti Markamah,Dimana saya mau bekerja saya memerlukan aplikasi ini,2023-03-21 00:28:10,0,
5,Mastri Ok,Sangat bermanfaat banget bagi saya,2024-07-25 11:07:10,0,
5,Evi Riana,Kenapa tidak bisa di buka,2023-03-15 09:47:36,0,
5,Muhammad Nijar,Sangat Bermanfaat Sekali,2024-06-05 05:27:42,0,
5,Much. Fatchur Rozaq,Sangat bermanfaat untuk putra putri bangsa Indonesia,2024-03-06 00:43:23,0,
5,Fredy kharisma Yudha,"Bismillah.,semoga dapat Pekerjaan yg Bagus dari sebelumnya.,",2023-01-19 09:51:59,0,
5,Faisal Alfarist,Tolong ditingkatkan lagi,2024-11-10 08:01:18,0,
5,Ade Gunawan,Memberikan bantuan pada yg terdampak phk,2025-01-13 13:56:51,0,
5,madum ibrahim,Sangat bagus dan membantu,2024-02-23 21:51:49,0,
5,Aung MAULANA,mantapp aplikasi nya,2024-07-04 07:00:02,0,
5,Srono Banyu,bagus dan membantu,2022-11-04 04:55:20,1,
5,Muchammad Solichin,Berharap dapat kerja yg sesuai dengan DISNAKER,2022-10-25 16:30:01,0,
5,Zahwa Wawa,Tolong di mudahkan,2023-11-22 13:22:14,0,
5,Yohanis Tonapa,Ini tidak bisa dibuka,2023-12-28 10:45:12,0,
5,PD ARBON,Sangat membantu saya,2024-07-08 08:48:25,0,
5,Mohammad Alshar,SANGAT BERMANFAAT BAGI KITA YG KEHILANGAN PEKERJAAN,2024-04-18 06:47:04,0,
5,teguh hartato,"BKD nya ramah2, Mba Ning jelas dalam menjelaskan",2023-03-30 02:57:34,0,
5,Nahdatul Rezkia,Berfungsi juga,2024-03-06 07:29:53,0,
5,Lalu Saleh,Knapa gk bisa dibuka,2023-04-14 03:24:49,0,
5,poltangan city,Sangat membantu,2023-09-19 04:05:03,0,
5,Candra Wahyuddi,Sangat membantu,2023-06-20 07:31:25,0,
5,Riyan azi saputra,Sangat membantu,2024-06-05 02:44:59,0,
5,MOHAMMAD YUSFI L,Rill cuy gw download 1 menit kemudian jadi presiden ğŸ¥¶ğŸ˜‹,2022-11-24 02:56:12,0,
5,sandy wijaya,Sangat membantu,2023-01-24 12:39:53,0,
5,Randi Ansyah,Sangat puas sekali,2023-10-15 13:21:26,0,
5,Boedi Santoso,sangat membantu,2025-05-19 08:54:55,0,
5,Adinanto Hanung (arman),Mantap membantu sekali,2024-02-02 06:31:39,0,
5,Sayyid Faqih Qudrotillah,Sangat membantu,2023-05-24 13:29:41,0,
5,Sandi rizki Chanel,Baguss sukses terus,2023-08-05 05:46:23,0,
5,Putri Isnawati,Apknya bagusssss<3,2022-12-21 09:56:07,0,
5,sastro manalu411,Sangat bermanfaat,2024-11-02 00:41:39,0,
5,tubagus ishak,Memudahkan dalam urusan peluang kerja,2024-07-16 23:23:00,0,
5,Nurul syifa siktiah Syifa,Terimah kasih banyak,2023-02-14 12:01:03,0,
5,Muhammad Fahmi,Sangat luar biasa,2023-03-22 03:03:05,0,
5,adi wirawan,Semakin lebih baik,2023-08-30 15:56:26,0,
5,Kang Andri Official,Keren aplikasinya ğŸ‘,2023-01-23 08:01:42,0,
5,Muh. Fahmi Adriansyah Prins,Sangat membantu,2022-12-22 08:37:54,0,
5,Irmandy Haroen,Semoga di terima kerja di Brunai darussalam yaa Alloh Aamiin,2024-12-01 10:56:06,0,
5,kardi -,sangat membantu,2023-01-24 12:52:02,0,
5,Edah suhaedah Es,Hak bisa di buka linknya,2024-04-18 12:15:01,0,
5,Kandar â€œKandarâ€,Sangat membantu,2023-12-02 17:15:39,0,
5,Otilia Telaumbanua,Sangat bermanfaat,2023-08-15 07:03:45,0,
5,Yuyun Yuningsih,Bermanfaat sekali,2023-01-19 06:31:36,0,
5,restu Almaczumi,Sangat bermanfaat,2024-07-24 06:06:28,0,
5,Mohamad Syatibi,Sangat membantu,2023-05-04 09:33:44,0,
5,Riswan Fikri,Cocok buat pekerja TKI,2024-05-17 18:01:35,0,
5,Wina Dewi Kristianti,Alhamdulilah akun ini bermanfaat,2023-10-03 14:36:03,0,
5,Ayiieq Ujunk kulon,Sangat membantu,2023-02-27 03:44:11,0,
5,Dana Saputra,moga selalu sukses,2025-07-14 03:22:10,0,
5,THasan Ajah,Mungkin bisa memnantu saya,2023-01-09 03:58:30,0,
5,Fahri Rama,terimakasih info lowonganya,2023-01-05 06:45:48,0,
5,Marifah Kroya,Tidak bisa di buka,2023-04-19 22:37:22,0,
5,sunarto kasim,Terimakasih siap kerja,2023-06-09 05:52:18,0,
5,Muhamad Umar,Membantu banget,2023-02-03 04:00:19,0,
5,galuh Indriyani,Aplikasi ini loding,2023-10-30 10:45:39,0,
5,Nani Suhani,Penolong bagi yang mbutuhkan,2023-09-16 17:57:35,0,
5,SUHENDRA HENDRA,mantab membantu,2025-07-21 12:25:49,0,
5,Muhammad ilham,gg bang mantap jiwa,2023-06-14 05:48:14,0,
5,Sri Rahayu,Persensi siap kerja persensi Banjarnegara,2023-03-29 03:29:17,0,
5,Sifa putri,Aplikasi sngt bgs,2023-10-30 06:34:36,0,
5,Firdaus Firman,Saya ingin ikut pelatihan,2023-10-26 13:11:58,0,
5,Wilhelmus s gulo1997,semoga bermanfaat ğŸ™,2025-02-01 01:26:24,0,
5,Abi PANGESTU,BLK Klampok jaya jaya jaya,2025-02-12 04:39:21,0,
5,Nachts,Akun sudah ada,2025-03-03 01:37:35,0,
5,Yohana Lobo,Pengakuan gagal terus,2024-08-09 21:18:43,0,
5,Ayyashy Putri Inar,membantu sekali,2022-12-28 05:03:19,0,
5,Restia Hendraswati,Rumit tapi okelah,2024-04-25 08:40:48,0,
5,Suci Sihotang,Mantap dan Kece,2024-12-19 05:31:52,0,
5,Wiwi Manik,Pendidik negara,2023-12-01 01:17:12,0,
5,Fikal Anjenet,Baru pemakaian,2023-10-05 10:29:40,0,
5,Bapakku â€œANDI Laoliâ€ Andilaoli,ANDI L ANDI L,2024-08-07 11:48:21,0,
5,Wahyudin,Bertani sukses,2023-08-15 11:13:09,0,
5,Muhammad Feri,AMan dan terpercaya,2024-06-06 04:17:44,0,
5,Didot,Susah d buka,2023-06-19 16:35:23,0,
5,Achmad Anshori,ok,2025-04-05 15:56:44,0,
5,Ferry Ria,ok,2025-07-16 07:29:15,0,
5,Medi Sanjaya,mantul,2025-06-18 07:00:22,0,
5,Muhammad Iqbal (Ibal),mantapp,2025-05-16 13:08:06,0,
5,Moh. Amir Syarifuddin,mantaap,2025-07-01 04:12:02,0,
5,Risti Yanto,Bagus,2025-03-12 12:47:32,0,
5,Daryono,ok,2025-03-22 22:17:42,0,
5,Darius,lelet,2025-06-20 06:42:57,0,
5,Ferdinal Dinal,kurangg,2025-07-22 06:47:28,0,
5,ali romeng sianipar,mantap,2025-06-12 13:25:31,0,
5,Toni Axered,good,2025-05-20 23:12:44,0,
5,Alex Supriyadi,mantap,2025-05-20 06:51:46,0,
5,Ishak Lalenoh,Aplikasi Bagus,2025-05-01 02:18:18,0,
5,Ahyu Wahyuni,Sangat baik,2025-01-19 08:18:36,0,
5,Radul Channel,nyoba dulu,2025-04-09 08:13:19,0,
5,Yakobus Sampe,Loading lama,2025-04-08 05:26:59,0,
5,Elin Sumarlina,Mambantu bngt,2025-01-31 05:30:14,0,
5,Anto,Sangat membantu,2025-06-26 15:02:32,0,
5,khairus solihin,bagus sangat,2025-05-26 01:50:32,0,
5,Firman Hadi,sangat membantu,2025-06-24 07:13:41,0,
5,Hamami Mami,Okey josss,2025-03-17 05:10:57,0,
5,sustonius siagian,Good app,2025-02-21 15:22:23,0,
5,Subeah Beah,Ok bagus,2025-02-12 01:58:35,1,
5,Ahmad Zakir,Minta duit,2025-01-18 00:54:57,0,
5,Rita Zhizhi,ğŸ‘ğŸ‘ğŸ‘,2025-04-26 22:34:45,0,
5,Hersa hUdin,ğŸ‘ğŸ‘ğŸ‘,2025-03-17 18:49:18,0,
5,Hidaya Tullah,ğŸ‘,2025-02-11 12:42:07,0,
5,likha chan,Good,2025-01-11 20:11:17,0,
5,Han nan,"Siap kerja memberikan banyak manfaat kepada para calon pekerja muda, terutama dibidang informasi dan teknologi mengikuti perkembangan zaman.",2024-06-11 07:02:02,2,
5,edy suyetno,"Terima kasih program pelatihan ini telah membantu dan menambah pengalaman tentang pengolahan ikan,salam sehat dan sukses selalu.",2024-07-21 01:39:48,0,
5,I'am sney,Alhamdulillah sedang berproses belajar di BLK. Insha Allah Lulus bisa trima sertifikat dan siap kerja. Aamiin,2024-06-27 00:52:56,0,
5,Arif Hidayah,Ë¢áµƒâ¿áµáµƒáµ— membantu,2024-04-30 23:56:20,0,
5,totokrp,ok. bagus ğŸ‘,2024-11-26 02:01:36,0,
5,bowo hadi,Ok. Sekaliboskuu,2024-05-21 18:04:06,0,
5,Sugi Yanto,Mantap,2024-05-20 05:47:03,0,
5,Bahran Giffari,Ok,2024-10-09 08:39:34,0,
5,Vivi Linzy,ok,2024-12-20 13:40:28,0,
5,maleakhi ludung jubeliel PAR M MBA,Bagus,2024-12-21 12:30:41,0,
5,Budi Prasetyo,Bagus,2024-12-16 01:59:58,0,
5,suhendar 81,Good,2024-10-07 02:14:08,0,
5,Maman Suherman,manfaat,2025-06-14 05:33:31,0,
5,Rochie Rafael,Bagus,2024-05-07 05:58:12,0,
5,Ilham Wiraputra,good,2024-09-03 14:15:34,0,
5,hestina windiyati,Good,2024-08-08 21:34:32,0,
5,Anty Moon,Bagus,2024-08-24 04:51:17,0,
5,VIEM4N channel,Mantap,2024-09-12 02:07:00,0,
5,Ratna Ayu,Bagus,2024-02-27 12:54:37,0,
5,Mike Wijaya,Mantap,2024-05-03 03:30:39,0,
5,SUJONO â€œJonâ€,Mantaplah,2024-04-07 19:03:32,0,
5,Nafiri zeka polgar,mantap,2024-08-07 18:37:49,0,
5,Anggna Syahptra,MANTAP,2024-05-29 11:30:36,0,
5,agres hasyim,OK,2025-02-16 05:17:42,0,
5,Buya Luthfi Alqodiry,Bagus,2024-11-03 09:22:05,0,
5,MDY MADYANI,Top,2025-01-05 23:58:10,0,
5,Ian Xtc,Oke,2024-06-05 07:58:28,0,
5,Sondi Putra Silalahi,Terimakasih..,2024-10-10 03:07:57,0,
5,Sofyan Hidayat,"Baik,,",2024-08-22 00:21:40,0,
5,Aris Ali,Saya suka,2024-07-29 06:40:24,0,
5,Ben Wbr,Sangat bagus,2024-10-20 18:18:38,0,
5,Ahmad Sayuti,Aplikasi ok,2024-02-28 03:16:15,0,
5,zaenal abidin,Ok.,2024-07-15 01:37:49,0,
5,zent firmasyah,"tolong dipercepat untuk buka akunsiap kerja, kadang buka gak bisa gimana ini?",2024-01-16 07:54:37,0,
5,MEI GUSARA,Eror,2023-11-24 10:17:37,1,
5,Aji sukma Wijaya,Baik,2024-01-01 05:08:33,0,
5,Rudiantonius Pasaribu,Mantap,2024-06-26 19:52:56,0,
5,Jiro Petarukan,Mantap,2024-01-12 02:09:24,0,
5,Agus Setyanto,oke,2023-12-31 22:20:38,0,
5,Dhayut Hidayat,Bagus,2024-02-06 10:58:17,0,
5,Amel Putry,ok,2023-11-17 06:19:14,0,
5,AGOES PRASETYO,Bagus,2023-12-10 05:19:26,0,
5,Subekti Hartawan,Bagus.,2023-12-11 08:59:23,0,
5,Hardi yanto,Mantul ğŸ‘ğŸ‘ğŸ‘ğŸ™,2024-03-05 12:03:23,0,
5,Ekky Rama,Sangat puas,2024-01-29 03:29:16,0,
5,Basz Tiann,Sangat bagus,2024-01-20 18:16:28,0,
5,Khasan Abrori,Mantap ws,2024-02-22 01:44:04,0,
5,Rico Ajah,Good job,2024-02-23 16:36:13,0,
5,Aqni Maulida Atmaji,â¤â¤,2024-01-23 01:27:54,0,
5,rahayu estiningtyas,"Alhamdulillah,,",2023-06-14 23:26:17,0,
5,Mr Han,Mantap,2023-07-04 19:06:00,0,
5,_alpns,Best,2023-07-26 11:43:09,0,
5,First Pos namaya Yoyoman Natasha,Out,2023-09-05 07:59:18,0,
5,Sepri Pandi,Bermanfaat,2024-07-14 09:33:57,0,
5,Rahasia Gratis,Mantap,2023-06-20 11:55:07,0,
5,Maulida Sari,Ok,2023-07-08 06:19:58,0,
5,Aruf Charuf,Ok,2023-08-22 03:14:03,0,
5,Yani nurhayati,Bagus,2023-07-11 07:21:01,0,
5,Johanes Liem,WOW,2023-10-18 08:39:55,0,
5,Afif Kamil,Ok,2023-08-24 21:26:08,0,
5,su keda,Good apk,2023-09-11 01:27:17,0,
5,Aman Khan,Sangat baik,2023-08-03 05:11:58,0,
5,M ICHSAN,Baik Sangat,2023-07-08 02:43:09,0,
5,Sulpandi Ari WiBowo,Sangat baik,2023-07-23 00:33:12,0,
5,Sapudin Asep,Wis oke,2023-08-19 10:31:43,0,
5,Ignatius Ivan Lumen,Sangat Baik,2023-06-25 22:48:48,0,
5,DENI HERDIAWAN,â­â­â­â­â­,2023-08-17 09:40:24,0,
5,m 613566,Bagus,2023-05-25 05:10:46,0,
5,Indra Purnama,Bagus,2023-05-22 01:53:18,0,
5,Akbar Satu Akun ke 1 (Akbar),Bermanfaat,2023-04-11 07:24:33,0,
5,Febian Wibowo,Ok,2023-09-02 22:37:25,0,
5,Bobby â€¢3,ok,2023-06-07 04:59:11,0,
5,Cahyono Andi Wibowo,Ok,2023-05-15 15:44:03,0,
5,Donirachman Harahap,Mantap,2023-02-21 21:27:11,0,
5,Dhyza ZC,bagus,2023-05-10 05:48:45,0,
5,Has Bia,Bagus,2023-06-07 09:01:22,0,
5,Suk Ron,Siap kerja,2023-06-18 05:44:02,0,
5,Naczha Cha,Love it,2023-03-06 03:34:16,0,
5,Rading Rading,Helful banged apknya,2022-12-27 09:48:38,0,
5,Yovita Lali,Terbaik,2022-12-14 04:53:39,0,
5,aji JR,bagus,2023-01-03 06:24:03,0,
5,Abaz Abdul,Good,2023-01-03 02:12:25,0,
5,Inka K. Natalia Siburian,Good,2023-01-17 10:30:52,0,
5,Faried Hidayat,Good,2023-01-18 14:46:12,0,
5,nur hidayah,Good,2022-11-09 21:27:25,0,
5,Heri Indarto,Bagus banget,2022-11-30 05:29:06,0,
5,Paska Lia,Oke banget,2022-12-08 03:59:01,0,
5,maman iyors17,Well played,2023-01-13 06:11:17,0,
5,AA - Tukang Junior,ğŸ‘ğŸ‘ğŸ‘,2023-01-08 05:58:42,0,
5,Kurnia Ayu,"I., G5",2023-05-09 16:11:01,0,
5,Ari Sulistiyono,Dicoba,2022-10-20 15:48:29,2,
5,sangu sebastian,Top,2023-06-16 05:57:44,0,
5,Jamal Udin,Nice,2023-07-11 12:06:27,0,
5,Armitas Club,Bismillah,2023-04-14 06:23:15,0,
5,P!Ckk Rebellionross,Good,2023-03-23 21:10:46,0,
5,Safwan Safwann,Good,2025-01-26 12:24:32,0,
5,Rahmat Hidayat,Bagus,2023-01-30 23:59:16,0,
5,Natanael Simanjuntaka,Pop,2024-02-24 12:01:02,0,
5,hariono sby,bagus,2025-05-18 10:55:59,0,
5,Jodi jodijodi,bagus,2023-05-11 17:08:11,0,
5,Adi â€œachoetâ€ Cahyadi,Good,2024-06-19 07:07:59,0,
5,Yudi Hw,Good,2023-01-02 00:34:05,0,
5,Juned Ned,Ok,2023-03-13 13:20:38,0,
5,Hari Hariyanto,Membantu,2025-02-24 06:42:22,0,
5,wike windoyoko,Jos,2023-03-01 23:44:54,0,
5,Arta Dwinata,Best,2023-09-01 07:25:37,0,
5,Pahri husaeni,bagus,2022-10-21 08:04:33,0,
5,Fauzi Kurniawan,Mantap,2024-09-03 09:34:36,0,
5,OM MaminK,luarbiasa,2023-07-07 04:21:55,0,
5,Hendri,bagus,2025-06-10 18:51:40,0,
5,Marzuki Zuki,Lelet,2023-06-21 05:54:32,0,
5,Sir Donda,okeee,2025-01-19 03:09:32,0,
5,panggih susanto,Ok,2022-11-12 09:52:16,0,
5,Riya Ajha,Di coba,2022-11-03 14:19:34,0,
5,Aulia Megaputri,Mantap,2024-10-01 05:16:24,0,
5,Umar Atam,Memuaskan,2022-11-09 10:21:30,0,
5,Moh Aminudib,Bagus,2022-11-04 14:24:37,1,
5,war tono,Mantap,2025-02-26 12:50:47,0,
5,raffi aripin,Alhamdulillah,2025-01-20 09:27:46,0,
5,Puncak Tanjuang Channel,Good,2023-06-23 14:11:49,0,
5,Rangga Putra,Ok,2023-07-06 13:27:24,0,
5,Nur Cholis,Keren,2023-08-09 13:14:38,0,
5,Day yat,Keren,2025-03-06 01:13:45,0,
5,Amin Zamroni,Mantap,2023-03-14 11:28:48,0,
5,Mujayanah Mutaqiah,Good,2022-11-23 00:41:01,0,
5,Muharif 94,Ok,2025-07-19 01:49:48,0,
5,Hasma,Bagus,2024-04-01 05:58:47,0,
5,"Muhammad Robert Mugabe, ST",Gasssssssssssss ....,2024-02-23 02:56:54,0,
5,Baqoeliwaksz43,Lo keren,2024-08-01 03:11:21,0,
5,La Ode AL Muchlas Irsyad Dedet,DEDET Hafiz,2024-07-07 14:51:38,0,
5,Yopi Aprian0804,Bagus banget,2023-05-07 11:47:00,0,
5,Natasya Aprillia,Oke deh,2023-06-08 03:37:25,0,
5,Hrn Hrn,Sangat bagus,2025-01-30 02:58:42,0,
5,Xetui Yhenk,No like,2025-01-21 07:20:09,0,
5,Yasin Agung Ribowo,bagus ok,2023-10-04 07:47:32,0,
5,Supardi Pardi,Untuk jadi hiburan,2025-03-12 22:07:36,0,
5,Helmi Ska,Bagus banget,2024-07-24 13:47:16,0,
5,mikael .badii1996,Aplikasi bkn,2023-03-10 02:23:57,0,
5,Putra sulsel,Good job,2022-11-07 04:21:07,0,
5,akmal farizd,.kk,2024-09-22 08:07:13,0,
5,Muhammad Efendy,â™¡â™¡,2024-08-07 11:32:01,0,
